scraped_at,chain,cinema_slug,city,movie_id,title_clean,experience,language,rating,start
2026-10-08T11:03:45+03:00,vox,al-qasr-mall-riyadh,riyadh,caf9b6b9,Info,MAX,عربي,PG15,2026-10-08T11:00+03:00
2026-10-08T11:03:45+03:00,vox,roshn-front-riyadh,riyadh,caf9b6b9,Info,Premium,عربي,PG15,2026-10-08T11:00+03:00
2026-10-08T11:03:45+03:00,vox,roshn-front-riyadh,riyadh,caf9b6b9,Info,VIP,عربي,PG15,2026-10-08T11:00+03:00
2026-10-08T11:03:45+03:00,vox,riyadh-park-riyadh,riyadh,caf9b6b9,Info,Standard,إنجليزي,PG15,2026-10-08T11:00+03:00
2026-10-08T11:03:45+03:00,vox,sahara-mall-riyadh,riyadh,caf9b6b9,Info,Standard,إنجليزي,R18,2026-10-08T11:00+03:00
2026-10-08T11:03:45+03:00,vox,sahara-mall-riyadh,riyadh,caf9b6b9,Info,Kids,إنجليزي,PG12,2026-10-08T11:00+03:00
2026-10-08T11:03:45+03:00,vox,the-roof-riyadh,riyadh,caf9b6b9,Info,Standard,عربي,PG15,2026-10-08T11:00+03:00
2026-10-08T11:03:45+03:00,vox,al-qasr-mall-riyadh,riyadh,caf9b6b9,Info,Standard,إنجليزي,PG15,2026-10-08T11:00+03:00
2026-10-08T11:03:45+03:00,vox,roshn-front-riyadh,riyadh,caf9b6b9,Info,Standard,إنجليزي,R18,2026-10-08T11:00+03:00
2026-10-08T11:03:45+03:00,vox,al-qasr-mall-riyadh,riyadh,caf9b6b9,Info,Standard,إنجليزي,R18,2026-10-08T11:10+03:00
2026-10-08T11:03:45+03:00,vox,century-corner-riyadh,riyadh,caf9b6b9,Info,Theatre,إنجليزي,R18,2026-10-08T11:15+03:00
2026-10-08T11:03:45+03:00,vox,al-qasr-mall-riyadh,riyadh,caf9b6b9,Info,Standard,إنجليزي,R15,2026-10-08T11:15+03:00
2026-10-08T11:03:45+03:00,vox,the-roof-riyadh,riyadh,caf9b6b9,Info,Standard,إنجليزي,R18,2026-10-08T11:15+03:00
2026-10-08T11:03:45+03:00,vox,sahara-mall-riyadh,riyadh,caf9b6b9,Info,Standard,عربي,PG15,2026-10-08T11:15+03:00
2026-10-08T11:03:45+03:00,vox,roshn-front-riyadh,riyadh,caf9b6b9,Info,Standard,عربي,R15,2026-10-08T11:15+03:00
2026-10-08T11:03:45+03:00,vox,riyadh-park-riyadh,riyadh,caf9b6b9,Info,Standard,إنجليزي,PG15,2026-10-08T11:15+03:00
2026-10-08T11:03:45+03:00,vox,kingdom-centre-riyadh,riyadh,caf9b6b9,Info,VIP,إنجليزي,PG15,2026-10-08T11:20+03:00
2026-10-08T11:03:45+03:00,vox,riyadh-park-riyadh,riyadh,caf9b6b9,Info,Kids,عربي,PG,2026-10-08T11:20+03:00
2026-10-08T11:03:45+03:00,vox,al-qasr-mall-riyadh,riyadh,caf9b6b9,Info,Kids,إنجليزي,G,2026-10-08T11:20+03:00
2026-10-08T11:03:45+03:00,vox,roshn-front-riyadh,riyadh,caf9b6b9,Info,VIP,إنجليزي,R18,2026-10-08T11:30+03:00
2026-10-08T11:03:45+03:00,vox,roshn-front-riyadh,riyadh,caf9b6b9,Info,Standard,إنجليزي,R18,2026-10-08T11:30+03:00
2026-10-08T11:03:45+03:00,vox,sahara-mall-riyadh,riyadh,caf9b6b9,Info,Standard,إنجليزي,PG15,2026-10-08T11:30+03:00
2026-10-08T11:03:45+03:00,vox,kingdom-centre-riyadh,riyadh,caf9b6b9,Info,VIP,إنجليزي,R18,2026-10-08T11:30+03:00
2026-10-08T11:03:45+03:00,vox,the-roof-riyadh,riyadh,caf9b6b9,Info,Standard,إنجليزي,R18,2026-10-08T11:30+03:00
2026-10-08T11:03:45+03:00,vox,century-corner-riyadh,riyadh,caf9b6b9,Info,IMAX,إنجليزي,R15,2026-10-08T11:45+03:00
2026-10-08T11:03:45+03:00,vox,al-qasr-mall-riyadh,riyadh,caf9b6b9,Info,Standard,هندي,PG12,2026-10-08T11:45+03:00
2026-10-08T11:03:45+03:00,vox,the-roof-riyadh,riyadh,caf9b6b9,Info,Premium,إنجليزي,R15,2026-10-08T11:45+03:00
2026-10-08T11:03:45+03:00,vox,riyadh-park-riyadh,riyadh,caf9b6b9,Info,Premium,إنجليزي,R18,2026-10-08T11:45+03:00
2026-10-08T11:03:45+03:00,vox,sahara-mall-riyadh,riyadh,caf9b6b9,Info,Standard,إنجليزي,R18,2026-10-08T11:45+03:00
2026-10-08T11:03:45+03:00,vox,the-roof-riyadh,riyadh,caf9b6b9,Info,Standard,إنجليزي,PG15,2026-10-08T12:00+03:00
2026-10-08T11:03:45+03:00,vox,century-corner-riyadh,riyadh,caf9b6b9,Info,Theatre,إنجليزي,R18,2026-10-08T12:00+03:00
2026-10-08T11:03:45+03:00,vox,roshn-front-riyadh,riyadh,caf9b6b9,Info,MAX,عربي,PG15,2026-10-08T12:00+03:00
2026-10-08T11:03:45+03:00,vox,al-qasr-mall-riyadh,riyadh,caf9b6b9,Info,Standard,إنجليزي,R18,2026-10-08T12:00+03:00
2026-10-08T11:03:45+03:00,vox,roshn-front-riyadh,riyadh,caf9b6b9,Info,VIP,إنجليزي,R15,2026-10-08T12:00+03:00
2026-10-08T11:03:45+03:00,vox,roshn-front-riyadh,riyadh,caf9b6b9,Info,Standard,إنجليزي,PG15,2026-10-08T12:00+03:00
2026-10-08T11:03:45+03:00,vox,roshn-front-riyadh,riyadh,caf9b6b9,Info,Standard,إنجليزي,R18,2026-10-08T12:10+03:00
2026-10-08T11:03:45+03:00,vox,the-roof-riyadh,riyadh,caf9b6b9,Info,Kids,إنجليزي,PG,2026-10-08T12:15+03:00
2026-10-08T11:03:45+03:00,vox,sahara-mall-riyadh,riyadh,caf9b6b9,Info,Standard,إنجليزي,PG15,2026-10-08T12:15+03:00
2026-10-08T11:03:45+03:00,vox,roshn-front-riyadh,riyadh,caf9b6b9,Info,Standard,إنجليزي,R18,2026-10-08T12:15+03:00
2026-10-08T11:03:45+03:00,vox,roshn-front-riyadh,riyadh,caf9b6b9,Info,Kids,إنجليزي,PG,2026-10-08T12:25+03:00
2026-10-08T11:03:45+03:00,vox,riyadh-park-riyadh,riyadh,caf9b6b9,Info,Standard,إنجليزي,R18,2026-10-08T12:30+03:00
2026-10-08T11:03:45+03:00,vox,century-corner-riyadh,riyadh,caf9b6b9,Info,Theatre,عربي,PG15,2026-10-08T12:30+03:00
2026-10-08T11:03:45+03:00,vox,roshn-front-riyadh,riyadh,caf9b6b9,Info,Kids,إنجليزي,G,2026-10-08T12:30+03:00
2026-10-08T11:03:45+03:00,vox,sahara-mall-riyadh,riyadh,caf9b6b9,Info,Standard,إنجليزي,R18,2026-10-08T12:30+03:00
2026-10-08T11:03:45+03:00,vox,riyadh-park-riyadh,riyadh,caf9b6b9,Info,Kids,إنجليزي,PG,2026-10-08T12:30+03:00
2026-10-08T11:03:45+03:00,vox,atyaf-mall-riyadh,riyadh,caf9b6b9,Info,Premium,إنجليزي,R15,2026-10-08T12:35+03:00
2026-10-08T11:03:45+03:00,vox,kingdom-centre-riyadh,riyadh,caf9b6b9,Info,VIP,عربي,PG15,2026-10-08T12:35+03:00
2026-10-08T11:03:45+03:00,vox,kingdom-centre-riyadh,riyadh,caf9b6b9,Info,VIP,إنجليزي,PG15,2026-10-08T12:40+03:00
2026-10-08T11:03:45+03:00,vox,riyadh-park-riyadh,riyadh,caf9b6b9,Info,Standard,عربي,PG15,2026-10-08T12:40+03:00
2026-10-08T11:03:45+03:00,vox,century-corner-riyadh,riyadh,caf9b6b9,Info,Theatre,إنجليزي,R18,2026-10-08T12:45+03:00
2026-10-08T11:03:45+03:00,vox,kingdom-centre-riyadh,riyadh,caf9b6b9,Info,VIP,إنجليزي,R18,2026-10-08T12:50+03:00
2026-10-08T11:03:45+03:00,vox,century-corner-riyadh,riyadh,caf9b6b9,Info,Theatre,عربي,PG15,2026-10-08T12:50+03:00
2026-10-08T11:03:45+03:00,vox,atyaf-mall-riyadh,riyadh,caf9b6b9,Info,Premium,إنجليزي,PG15,2026-10-08T12:50+03:00
2026-10-08T11:03:45+03:00,vox,sahara-mall-riyadh,riyadh,caf9b6b9,Info,Standard,إنجليزي,R18,2026-10-08T13:00+03:00
2026-10-08T11:03:45+03:00,vox,atyaf-mall-riyadh,riyadh,caf9b6b9,Info,Kids,عربي,PG,2026-10-08T13:00+03:00
2026-10-08T11:03:45+03:00,vox,riyadh-park-riyadh,riyadh,caf9b6b9,Info,Premium,إنجليزي,R18,2026-10-08T13:00+03:00
2026-10-08T11:03:45+03:00,vox,roshn-front-riyadh,riyadh,caf9b6b9,Info,VIP,عربي,PG15,2026-10-08T13:00+03:00
2026-10-08T11:03:45+03:00,vox,al-qasr-mall-riyadh,riyadh,caf9b6b9,Info,MAX,عربي,PG15,2026-10-08T13:00+03:00
2026-10-08T11:03:45+03:00,vox,roshn-front-riyadh,riyadh,caf9b6b9,Info,Premium,عربي,PG15,2026-10-08T13:00+03:00
2026-10-08T11:03:45+03:00,vox,roshn-front-riyadh,riyadh,caf9b6b9,Info,Standard,إنجليزي,PG15,2026-10-08T13:00+03:00
2026-10-08T11:03:45+03:00,vox,atyaf-mall-riyadh,riyadh,caf9b6b9,Info,Standard,إنجليزي,R18,2026-10-08T13:00+03:00
2026-10-08T11:03:45+03:00,vox,century-corner-riyadh,riyadh,caf9b6b9,Info,Theatre,إنجليزي,R18,2026-10-08T13:00+03:00
2026-10-08T11:03:45+03:00,vox,the-spot-sheikh-jaber-riyadh,riyadh,caf9b6b9,Info,Standard,إنجليزي,R18,2026-10-08T13:00+03:00
2026-10-08T11:03:45+03:00,vox,the-roof-riyadh,riyadh,caf9b6b9,Info,Standard,عربي,PG15,2026-10-08T13:00+03:00
2026-10-08T11:03:45+03:00,vox,al-qasr-mall-riyadh,riyadh,caf9b6b9,Info,Standard,إنجليزي,R18,2026-10-08T13:00+03:00
2026-10-08T11:03:45+03:00,vox,al-qasr-mall-riyadh,riyadh,caf9b6b9,Info,Standard,عربي,R15,2026-10-08T13:05+03:00
2026-10-08T11:03:45+03:00,vox,al-qasr-mall-riyadh,riyadh,caf9b6b9,Info,Kids,إنجليزي,G,2026-10-08T13:05+03:00
2026-10-08T11:03:45+03:00,vox,century-corner-riyadh,riyadh,caf9b6b9,Info,Standard,عربي,R15,2026-10-08T13:10+03:00
2026-10-08T11:03:45+03:00,vox,al-qasr-mall-riyadh,riyadh,caf9b6b9,Info,Standard,إنجليزي,R18,2026-10-08T13:10+03:00
2026-10-08T11:03:45+03:00,vox,atyaf-mall-riyadh,riyadh,caf9b6b9,Info,Standard,إنجليزي,R18,2026-10-08T13:15+03:00
2026-10-08T11:03:45+03:00,vox,the-roof-riyadh,riyadh,caf9b6b9,Info,Standard,إنجليزي,R18,2026-10-08T13:15+03:00
2026-10-08T11:03:45+03:00,vox,atyaf-mall-riyadh,riyadh,caf9b6b9,Info,Kids,إنجليزي,G,2026-10-08T13:15+03:00
2026-10-08T11:03:45+03:00,vox,kingdom-centre-riyadh,riyadh,caf9b6b9,Info,VIP,إنجليزي,R18,2026-10-08T13:15+03:00
2026-10-08T11:03:45+03:00,vox,sahara-mall-riyadh,riyadh,caf9b6b9,Info,VIP,إنجليزي,R15,2026-10-08T13:15+03:00
2026-10-08T11:03:45+03:00,vox,the-spot-sheikh-jaber-riyadh,riyadh,caf9b6b9,Info,Standard,عربي,PG15,2026-10-08T13:15+03:00
2026-10-08T11:03:45+03:00,vox,roshn-front-riyadh,riyadh,caf9b6b9,Info,Standard,إنجليزي,R15,2026-10-08T13:15+03:00
2026-10-08T11:03:45+03:00,vox,al-qasr-mall-riyadh,riyadh,caf9b6b9,Info,Standard,إنجليزي,R18,2026-10-08T13:15+03:00
2026-10-08T11:03:45+03:00,vox,sahara-mall-riyadh,riyadh,caf9b6b9,Info,Standard,عربي,PG15,2026-10-08T13:15+03:00
2026-10-08T11:03:45+03:00,vox,riyadh-park-riyadh,riyadh,caf9b6b9,Info,Standard,إنجليزي,PG15,2026-10-08T13:20+03:00
2026-10-08T11:03:45+03:00,vox,roshn-front-riyadh,riyadh,caf9b6b9,Info,Standard,إنجليزي,G,2026-10-08T13:20+03:00
2026-10-08T11:03:45+03:00,vox,kingdom-centre-riyadh,riyadh,caf9b6b9,Info,VIP,إنجليزي,R18,2026-10-08T13:25+03:00
2026-10-08T11:03:45+03:00,vox,al-qasr-mall-riyadh,riyadh,caf9b6b9,Info,Standard,إنجليزي,PG15,2026-10-08T13:30+03:00
2026-10-08T11:03:45+03:00,vox,riyadh-park-riyadh,riyadh,caf9b6b9,Info,Kids,إنجليزي,PG,2026-10-08T13:30+03:00
2026-10-08T11:03:45+03:00,vox,atyaf-mall-riyadh,riyadh,caf9b6b9,Info,Standard,إنجليزي,R18,2026-10-08T13:30+03:00
2026-10-08T11:03:45+03:00,vox,riyadh-park-riyadh,riyadh,caf9b6b9,Info,Standard,إنجليزي,R15,2026-10-08T13:30+03:00
2026-10-08T11:03:45+03:00,vox,the-spot-sheikh-jaber-riyadh,riyadh,caf9b6b9,Info,Standard,إنجليزي,R18,2026-10-08T13:30+03:00
2026-10-08T11:03:45+03:00,vox,sahara-mall-riyadh,riyadh,caf9b6b9,Info,Standard,إنجليزي,R18,2026-10-08T13:30+03:00
2026-10-08T11:03:45+03:00,vox,roshn-front-riyadh,riyadh,caf9b6b9,Info,Standard,عربي,R15,2026-10-08T13:30+03:00
2026-10-08T11:03:45+03:00,vox,the-spot-sheikh-jaber-riyadh,riyadh,caf9b6b9,Info,Kids,إنجليزي,PG,2026-10-08T13:30+03:00
2026-10-08T11:03:45+03:00,vox,the-roof-riyadh,riyadh,caf9b6b9,Info,Standard,إنجليزي,R18,2026-10-08T13:30+03:00
2026-10-08T11:03:45+03:00,vox,al-qasr-mall-riyadh,riyadh,caf9b6b9,Info,Kids,عربي,PG,2026-10-08T13:30+03:00
2026-10-08T11:03:45+03:00,vox,kingdom-centre-riyadh,riyadh,caf9b6b9,Info,VIP,إنجليزي,PG15,2026-10-08T13:40+03:00
2026-10-08T11:03:45+03:00,vox,the-spot-sheikh-jaber-riyadh,riyadh,caf9b6b9,Info,Standard,إنجليزي,PG15,2026-10-08T13:45+03:00
2026-10-08T11:03:45+03:00,vox,century-corner-riyadh,riyadh,caf9b6b9,Info,Theatre,إنجليزي,R18,2026-10-08T13:45+03:00
2026-10-08T11:03:45+03:00,vox,roshn-front-riyadh,riyadh,caf9b6b9,Info,Standard,إنجليزي,R18,2026-10-08T13:45+03:00
2026-10-08T11:03:45+03:00,vox,sahara-mall-riyadh,riyadh,caf9b6b9,Info,Standard,إنجليزي,R18,2026-10-08T13:45+03:00
2026-10-08T11:03:45+03:00,vox,sahara-mall-riyadh,riyadh,caf9b6b9,Info,VIP,عربي,PG15,2026-10-08T13:45+03:00
2026-10-08T11:03:45+03:00,vox,al-qasr-mall-riyadh,riyadh,caf9b6b9,Info,Standard,مالايالامي,R15,2026-10-08T13:50+03:00
2026-10-08T11:03:45+03:00,vox,century-corner-riyadh,riyadh,caf9b6b9,Info,Theatre,إنجليزي,PG15,2026-10-08T13:55+03:00
2026-10-08T11:03:45+03:00,vox,via-riyadh,riyadh,caf9b6b9,Info,Standard,عربي,PG15,2026-10-08T14:00+03:00
2026-10-08T11:03:45+03:00,vox,riyadh-park-riyadh,riyadh,caf9b6b9,Info,Standard,إنجليزي,PG15,2026-10-08T14:00+03:00
2026-10-08T11:03:45+03:00,vox,sahara-mall-riyadh,riyadh,caf9b6b9,Info,Standard,إنجليزي,R18,2026-10-08T14:00+03:00
2026-10-08T11:03:45+03:00,vox,al-qasr-mall-riyadh,riyadh,caf9b6b9,Info,Standard,عربي,PG15,2026-10-08T14:00+03:00
2026-10-08T11:03:45+03:00,vox,atyaf-mall-riyadh,riyadh,caf9b6b9,Info,Standard,عربي,PG15,2026-10-08T14:00+03:00
2026-10-08T11:03:45+03:00,vox,century-corner-riyadh,riyadh,caf9b6b9,Info,Theatre,إنجليزي,R18,2026-10-08T14:00+03:00
2026-10-08T11:03:45+03:00,vox,roshn-front-riyadh,riyadh,caf9b6b9,Info,VIP,إنجليزي,R18,2026-10-08T14:00+03:00
2026-10-08T11:03:45+03:00,vox,kingdom-centre-riyadh,riyadh,caf9b6b9,Info,VIP,عربي,PG15,2026-10-08T14:10+03:00
2026-10-08T11:03:45+03:00,vox,al-qasr-mall-riyadh,riyadh,caf9b6b9,Info,Standard,هندي,PG12,2026-10-08T14:10+03:00
2026-10-08T11:03:45+03:00,vox,roshn-front-riyadh,riyadh,caf9b6b9,Info,Kids,إنجليزي,PG,2026-10-08T14:15+03:00
2026-10-08T11:03:45+03:00,vox,the-spot-sheikh-jaber-riyadh,riyadh,caf9b6b9,Info,Premium,إنجليزي,R15,2026-10-08T14:15+03:00
2026-10-08T11:03:45+03:00,vox,roshn-front-riyadh,riyadh,caf9b6b9,Info,Standard,عربي,PG15,2026-10-08T14:15+03:00
2026-10-08T11:03:45+03:00,vox,riyadh-park-riyadh,riyadh,caf9b6b9,Info,IMAX,إنجليزي,R18,2026-10-08T14:15+03:00
2026-10-08T11:03:45+03:00,vox,the-roof-riyadh,riyadh,caf9b6b9,Info,Standard,إنجليزي,PG15,2026-10-08T14:15+03:00
2026-10-08T11:03:45+03:00,vox,the-roof-riyadh,riyadh,caf9b6b9,Info,Kids,إنجليزي,G,2026-10-08T14:15+03:00
2026-10-08T11:03:45+03:00,vox,roshn-front-riyadh,riyadh,caf9b6b9,Info,MAX,عربي,PG15,2026-10-08T14:15+03:00
2026-10-08T11:03:45+03:00,vox,al-qasr-mall-riyadh,riyadh,caf9b6b9,Info,Standard,مالايالامي,R15,2026-10-08T14:15+03:00
2026-10-08T11:03:45+03:00,vox,sahara-mall-riyadh,riyadh,caf9b6b9,Info,Standard,إنجليزي,PG15,2026-10-08T14:20+03:00
2026-10-08T11:03:45+03:00,vox,sahara-mall-riyadh,riyadh,caf9b6b9,Info,Kids,إنجليزي,G,2026-10-08T14:30+03:00
2026-10-08T11:03:45+03:00,vox,the-roof-riyadh,riyadh,caf9b6b9,Info,Premium,إنجليزي,R15,2026-10-08T14:30+03:00
2026-10-08T11:03:45+03:00,vox,riyadh-park-riyadh,riyadh,caf9b6b9,Info,Premium,إنجليزي,PG12,2026-10-08T14:30+03:00
2026-10-08T11:03:45+03:00,vox,century-corner-riyadh,riyadh,caf9b6b9,Info,Theatre,عربي,PG15,2026-10-08T14:30+03:00
2026-10-08T11:03:45+03:00,vox,riyadh-park-riyadh,riyadh,caf9b6b9,Info,Standard,إنجليزي,R18,2026-10-08T14:30+03:00
2026-10-08T11:03:45+03:00,vox,via-riyadh,riyadh,caf9b6b9,Info,Standard,إنجليزي,R18,2026-10-08T14:30+03:00
2026-10-08T11:03:45+03:00,vox,roshn-front-riyadh,riyadh,caf9b6b9,Info,Standard,إنجليزي,PG12,2026-10-08T14:30+03:00
2026-10-08T11:03:45+03:00,vox,via-riyadh,riyadh,caf9b6b9,Info,Standard,إنجليزي,R18,2026-10-08T14:35+03:00
2026-10-08T11:03:45+03:00,vox,roshn-front-riyadh,riyadh,caf9b6b9,Info,Kids,عربي,PG,2026-10-08T14:35+03:00
2026-10-08T11:03:45+03:00,vox,kingdom-centre-riyadh,riyadh,caf9b6b9,Info,VIP,عربي,PG15,2026-10-08T14:40+03:00
2026-10-08T11:03:45+03:00,vox,sahara-mall-riyadh,riyadh,caf9b6b9,Info,Standard,هندي,PG12,2026-10-08T14:40+03:00
2026-10-08T11:03:45+03:00,vox,riyadh-park-riyadh,riyadh,caf9b6b9,Info,Kids,إنجليزي,G,2026-10-08T14:40+03:00
2026-10-08T11:03:45+03:00,vox,roshn-front-riyadh,riyadh,caf9b6b9,Info,VIP,إنجليزي,R15,2026-10-08T14:45+03:00
2026-10-08T11:03:45+03:00,vox,riyadh-park-riyadh,riyadh,caf9b6b9,Info,Standard,عربي,PG15,2026-10-08T14:45+03:00
2026-10-08T11:03:45+03:00,vox,century-corner-riyadh,riyadh,caf9b6b9,Info,Theatre,إنجليزي,R18,2026-10-08T14:45+03:00
2026-10-08T11:03:45+03:00,vox,roshn-front-riyadh,riyadh,caf9b6b9,Info,Standard,إنجليزي,R18,2026-10-08T14:45+03:00
2026-10-08T11:03:45+03:00,vox,al-qasr-mall-riyadh,riyadh,caf9b6b9,Info,Standard,هندي,PG12,2026-10-08T14:50+03:00
2026-10-08T11:03:45+03:00,vox,atyaf-mall-riyadh,riyadh,caf9b6b9,Info,Premium,إنجليزي,R18,2026-10-08T14:50+03:00
2026-10-08T11:03:45+03:00,vox,al-qasr-mall-riyadh,riyadh,caf9b6b9,Info,Kids,إنجليزي,G,2026-10-08T14:50+03:00
2026-10-08T11:03:45+03:00,vox,atyaf-mall-riyadh,riyadh,caf9b6b9,Info,Standard,إنجليزي,R18,2026-10-08T15:00+03:00
2026-10-08T11:03:45+03:00,vox,al-qasr-mall-riyadh,riyadh,caf9b6b9,Info,MAX,عربي,PG15,2026-10-08T15:00+03:00
2026-10-08T11:03:45+03:00,vox,roshn-front-riyadh,riyadh,caf9b6b9,Info,Premium,عربي,PG15,2026-10-08T15:00+03:00
2026-10-08T11:03:45+03:00,vox,roshn-front-riyadh,riyadh,caf9b6b9,Info,Standard,إنجليزي,PG15,2026-10-08T15:00+03:00
2026-10-08T11:03:45+03:00,vox,kingdom-centre-riyadh,riyadh,caf9b6b9,Info,VIP,إنجليزي,R18,2026-10-08T15:00+03:00
2026-10-08T11:03:45+03:00,vox,al-qasr-mall-riyadh,riyadh,caf9b6b9,Info,Standard,إنجليزي,R18,2026-10-08T15:00+03:00
2026-10-08T11:03:45+03:00,vox,atyaf-mall-riyadh,riyadh,caf9b6b9,Info,Kids,إنجليزي,G,2026-10-08T15:00+03:00
2026-10-08T11:03:45+03:00,vox,the-spot-sheikh-jaber-riyadh,riyadh,caf9b6b9,Info,Standard,إنجليزي,R18,2026-10-08T15:00+03:00
2026-10-08T11:03:45+03:00,vox,century-corner-riyadh,riyadh,caf9b6b9,Info,Theatre,إنجليزي,R18,2026-10-08T15:00+03:00
2026-10-08T11:03:45+03:00,vox,atyaf-mall-riyadh,riyadh,caf9b6b9,Info,Premium,إنجليزي,PG15,2026-10-08T15:00+03:00
2026-10-08T11:03:45+03:00,vox,riyadh-park-riyadh,riyadh,caf9b6b9,Info,Standard,إنجليزي,R18,2026-10-08T15:00+03:00
2026-10-08T11:03:45+03:00,vox,roshn-front-riyadh,riyadh,caf9b6b9,Info,VIP,إنجليزي,R18,2026-10-08T15:00+03:00
2026-10-08T11:03:45+03:00,vox,the-roof-riyadh,riyadh,caf9b6b9,Info,Standard,عربي,PG15,2026-10-08T15:00+03:00
2026-10-08T11:03:45+03:00,vox,sahara-mall-riyadh,riyadh,caf9b6b9,Info,Standard,إنجليزي,R18,2026-10-08T15:00+03:00
2026-10-08T11:03:45+03:00,vox,al-qasr-mall-riyadh,riyadh,caf9b6b9,Info,Standard,إنجليزي,R18,2026-10-08T15:10+03:00
2026-10-08T11:03:45+03:00,vox,atyaf-mall-riyadh,riyadh,caf9b6b9,Info,Standard,عربي,PG15,2026-10-08T15:10+03:00
2026-10-08T11:03:45+03:00,vox,via-riyadh,riyadh,caf9b6b9,Info,Standard,عربي,PG15,2026-10-08T15:10+03:00
2026-10-08T11:03:45+03:00,vox,century-corner-riyadh,riyadh,caf9b6b9,Info,IMAX,إنجليزي,R18,2026-10-08T15:15+03:00
2026-10-08T11:03:45+03:00,vox,atyaf-mall-riyadh,riyadh,caf9b6b9,Info,Standard,إنجليزي,R18,2026-10-08T15:15+03:00
2026-10-08T11:03:45+03:00,vox,roshn-front-riyadh,riyadh,caf9b6b9,Info,Standard,إنجليزي,R18,2026-10-08T15:15+03:00
2026-10-08T11:03:45+03:00,vox,the-roof-riyadh,riyadh,caf9b6b9,Info,Standard,إنجليزي,R18,2026-10-08T15:15+03:00
2026-10-08T11:03:45+03:00,vox,roshn-front-riyadh,riyadh,caf9b6b9,Info,VIP,عربي,PG15,2026-10-08T15:15+03:00
2026-10-08T11:03:45+03:00,vox,al-qasr-mall-riyadh,riyadh,caf9b6b9,Info,Standard,إنجليزي,PG15,2026-10-08T15:15+03:00
2026-10-08T11:03:45+03:00,vox,century-corner-riyadh,riyadh,caf9b6b9,Info,Standard,إنجليزي,PG15,2026-10-08T15:15+03:00
2026-10-08T11:03:45+03:00,vox,sahara-mall-riyadh,riyadh,caf9b6b9,Info,Standard,عربي,PG15,2026-10-08T15:15+03:00
2026-10-08T11:03:45+03:00,vox,sahara-mall-riyadh,riyadh,caf9b6b9,Info,Standard,إنجليزي,R18,2026-10-08T15:20+03:00
2026-10-08T11:03:45+03:00,vox,the-spot-sheikh-jaber-riyadh,riyadh,caf9b6b9,Info,Standard,عربي,PG15,2026-10-08T15:20+03:00
2026-10-08T11:03:45+03:00,vox,via-riyadh,riyadh,caf9b6b9,Info,Standard,إنجليزي,R15,2026-10-08T15:25+03:00
2026-10-08T11:03:45+03:00,vox,the-roof-riyadh,riyadh,caf9b6b9,Info,Standard,إنجليزي,R18,2026-10-08T15:30+03:00
2026-10-08T11:03:45+03:00,vox,century-corner-riyadh,riyadh,caf9b6b9,Info,Theatre,إنجليزي,R18,2026-10-08T15:30+03:00
2026-10-08T11:03:45+03:00,vox,the-spot-sheikh-jaber-riyadh,riyadh,caf9b6b9,Info,Standard,إنجليزي,R18,2026-10-08T15:30+03:00
2026-10-08T11:03:45+03:00,vox,al-qasr-mall-riyadh,riyadh,caf9b6b9,Info,Standard,إنجليزي,R18,2026-10-08T15:30+03:00
2026-10-08T11:03:45+03:00,vox,riyadh-park-riyadh,riyadh,caf9b6b9,Info,Standard,إنجليزي,PG15,2026-10-08T15:30+03:00
2026-10-08T11:03:45+03:00,vox,riyadh-park-riyadh,riyadh,caf9b6b9,Info,Premium,إنجليزي,R18,2026-10-08T15:30+03:00
2026-10-08T11:03:45+03:00,vox,kingdom-centre-riyadh,riyadh,caf9b6b9,Info,VIP,إنجليزي,R18,2026-10-08T15:30+03:00
2026-10-08T11:03:45+03:00,vox,the-spot-sheikh-jaber-riyadh,riyadh,caf9b6b9,Info,Kids,إنجليزي,G,2026-10-08T15:30+03:00
2026-10-08T11:03:45+03:00,vox,via-riyadh,riyadh,caf9b6b9,Info,Standard,إنجليزي,R18,2026-10-08T15:40+03:00
2026-10-08T11:03:45+03:00,vox,al-qasr-mall-riyadh,riyadh,caf9b6b9,Info,Kids,إنجليزي,PG,2026-10-08T15:40+03:00
2026-10-08T11:03:45+03:00,vox,the-roof-riyadh,riyadh,caf9b6b9,Info,Standard,إنجليزي,R18,2026-10-08T15:45+03:00
2026-10-08T11:03:45+03:00,vox,riyadh-park-riyadh,riyadh,caf9b6b9,Info,Kids,عربي,PG,2026-10-08T15:45+03:00
2026-10-08T11:03:45+03:00,vox,the-spot-sheikh-jaber-riyadh,riyadh,caf9b6b9,Info,Standard,إنجليزي,PG15,2026-10-08T15:45+03:00
2026-10-08T11:03:45+03:00,vox,riyadh-park-riyadh,riyadh,caf9b6b9,Info,Standard,إنجليزي,R18,2026-10-08T15:45+03:00
2026-10-08T11:03:45+03:00,vox,atyaf-mall-riyadh,riyadh,caf9b6b9,Info,Standard,إنجليزي,R18,2026-10-08T15:45+03:00
2026-10-08T11:03:45+03:00,vox,sahara-mall-riyadh,riyadh,caf9b6b9,Info,Standard,إنجليزي,R18,2026-10-08T15:45+03:00
2026-10-08T11:03:45+03:00,vox,sahara-mall-riyadh,riyadh,caf9b6b9,Info,VIP,عربي,PG15,2026-10-08T15:45+03:00
2026-10-08T11:03:45+03:00,vox,roshn-front-riyadh,riyadh,caf9b6b9,Info,Standard,عربي,R15,2026-10-08T15:45+03:00
2026-10-08T11:03:45+03:00,vox,al-qasr-mall-riyadh,riyadh,caf9b6b9,Info,Standard,إنجليزي,PG15,2026-10-08T15:50+03:00
2026-10-08T11:03:45+03:00,vox,roshn-front-riyadh,riyadh,caf9b6b9,Info,Standard,إنجليزي,R15,2026-10-08T15:50+03:00
2026-10-08T11:03:45+03:00,vox,kingdom-centre-riyadh,riyadh,caf9b6b9,Info,VIP,إنجليزي,R18,2026-10-08T15:55+03:00
2026-10-08T11:03:45+03:00,vox,century-corner-riyadh,riyadh,caf9b6b9,Info,Theatre,إنجليزي,PG15,2026-10-08T16:00+03:00
2026-10-08T11:03:45+03:00,vox,kingdom-centre-riyadh,riyadh,caf9b6b9,Info,VIP,إنجليزي,PG15,2026-10-08T16:00+03:00
2026-10-08T11:03:45+03:00,vox,sahara-mall-riyadh,riyadh,caf9b6b9,Info,Standard,إنجليزي,R18,2026-10-08T16:00+03:00
2026-10-08T11:03:45+03:00,vox,sahara-mall-riyadh,riyadh,caf9b6b9,Info,VIP,إنجليزي,R18,2026-10-08T16:00+03:00
2026-10-08T11:03:45+03:00,vox,the-roof-riyadh,riyadh,caf9b6b9,Info,Kids,عربي,PG,2026-10-08T16:00+03:00
2026-10-08T11:03:45+03:00,vox,atyaf-mall-riyadh,riyadh,caf9b6b9,Info,Standard,عربي,PG15,2026-10-08T16:00+03:00
2026-10-08T11:03:45+03:00,vox,roshn-front-riyadh,riyadh,caf9b6b9,Info,Standard,إنجليزي,R18,2026-10-08T16:00+03:00
2026-10-08T11:03:45+03:00,vox,al-qasr-mall-riyadh,riyadh,caf9b6b9,Info,Standard,إنجليزي,R18,2026-10-08T16:00+03:00
2026-10-08T11:03:45+03:00,vox,via-riyadh,riyadh,caf9b6b9,Info,Standard,عربي,PG15,2026-10-08T16:10+03:00
2026-10-08T11:03:45+03:00,vox,riyadh-park-riyadh,riyadh,caf9b6b9,Info,IMAX,إنجليزي,R15,2026-10-08T16:15+03:00
2026-10-08T11:03:45+03:00,vox,century-corner-riyadh,riyadh,caf9b6b9,Info,Theatre,إنجليزي,R18,2026-10-08T16:15+03:00
2026-10-08T11:03:45+03:00,vox,sahara-mall-riyadh,riyadh,caf9b6b9,Info,Standard,إنجليزي,PG15,2026-10-08T16:15+03:00
2026-10-08T11:03:45+03:00,vox,roshn-front-riyadh,riyadh,caf9b6b9,Info,Standard,إنجليزي,R18,2026-10-08T16:15+03:00
2026-10-08T11:03:45+03:00,vox,sahara-mall-riyadh,riyadh,caf9b6b9,Info,Kids,إنجليزي,PG,2026-10-08T16:15+03:00
2026-10-08T11:03:45+03:00,vox,riyadh-park-riyadh,riyadh,caf9b6b9,Info,Standard,إنجليزي,R15,2026-10-08T16:15+03:00
2026-10-08T11:03:45+03:00,vox,roshn-front-riyadh,riyadh,caf9b6b9,Info,MAX,عربي,PG15,2026-10-08T16:20+03:00
2026-10-08T11:03:45+03:00,vox,roshn-front-riyadh,riyadh,caf9b6b9,Info,Kids,إنجليزي,PG,2026-10-08T16:20+03:00
2026-10-08T11:03:45+03:00,vox,kingdom-centre-riyadh,riyadh,caf9b6b9,Info,VIP,إنجليزي,R18,2026-10-08T16:25+03:00
2026-10-08T11:03:45+03:00,vox,via-riyadh,riyadh,caf9b6b9,Info,Standard,إنجليزي,PG15,2026-10-08T16:30+03:00
2026-10-08T11:03:45+03:00,vox,century-corner-riyadh,riyadh,caf9b6b9,Info,Theatre,عربي,PG15,2026-10-08T16:30+03:00
2026-10-08T11:03:45+03:00,vox,the-roof-riyadh,riyadh,caf9b6b9,Info,Standard,إنجليزي,PG15,2026-10-08T16:30+03:00
2026-10-08T11:03:45+03:00,vox,riyadh-park-riyadh,riyadh,caf9b6b9,Info,Standard,إنجليزي,R18,2026-10-08T16:30+03:00
2026-10-08T11:03:45+03:00,vox,roshn-front-riyadh,riyadh,caf9b6b9,Info,Standard,إنجليزي,PG15,2026-10-08T16:30+03:00
2026-10-08T11:03:45+03:00,vox,roshn-front-riyadh,riyadh,caf9b6b9,Info,VIP,إنجليزي,R18,2026-10-08T16:30+03:00
2026-10-08T11:03:45+03:00,vox,riyadh-park-riyadh,riyadh,caf9b6b9,Info,Kids,إنجليزي,PG,2026-10-08T16:30+03:00
2026-10-08T11:03:45+03:00,vox,al-qasr-mall-riyadh,riyadh,caf9b6b9,Info,Standard,إنجليزي,R15,2026-10-08T16:30+03:00
2026-10-08T11:03:45+03:00,vox,kingdom-centre-riyadh,riyadh,caf9b6b9,Info,VIP,إنجليزي,R18,2026-10-08T16:35+03:00
2026-10-08T11:03:45+03:00,vox,al-qasr-mall-riyadh,riyadh,caf9b6b9,Info,Standard,مالايالامي,R15,2026-10-08T16:35+03:00
2026-10-08T11:03:45+03:00,vox,al-qasr-mall-riyadh,riyadh,caf9b6b9,Info,Kids,إنجليزي,G,2026-10-08T16:35+03:00
2026-10-08T11:03:45+03:00,vox,via-riyadh,riyadh,caf9b6b9,Info,Standard,إنجليزي,PG15,2026-10-08T16:40+03:00
2026-10-08T11:03:45+03:00,vox,roshn-front-riyadh,riyadh,caf9b6b9,Info,Kids,إنجليزي,PG,2026-10-08T16:40+03:00
2026-10-08T11:03:45+03:00,vox,atyaf-mall-riyadh,riyadh,caf9b6b9,Info,Standard,إنجليزي,R18,2026-10-08T16:45+03:00
2026-10-08T11:03:45+03:00,vox,century-corner-riyadh,riyadh,caf9b6b9,Info,Theatre,إنجليزي,R18,2026-10-08T16:45+03:00
2026-10-08T11:03:45+03:00,vox,roshn-front-riyadh,riyadh,caf9b6b9,Info,Standard,إنجليزي,G,2026-10-08T16:45+03:00
2026-10-08T11:03:45+03:00,vox,atyaf-mall-riyadh,riyadh,caf9b6b9,Info,Kids,إنجليزي,G,2026-10-08T16:45+03:00
2026-10-08T11:03:45+03:00,vox,the-spot-sheikh-jaber-riyadh,riyadh,caf9b6b9,Info,Premium,إنجليزي,R18,2026-10-08T16:45+03:00
2026-10-08T11:03:45+03:00,vox,riyadh-park-riyadh,riyadh,caf9b6b9,Info,Standard,عربي,PG15,2026-10-08T16:50+03:00
2026-10-08T11:03:45+03:00,vox,riyadh-park-riyadh,riyadh,caf9b6b9,Info,Standard,إنجليزي,R18,2026-10-08T17:00+03:00
2026-10-08T11:03:45+03:00,vox,sahara-mall-riyadh,riyadh,caf9b6b9,Info,Standard,إنجليزي,R18,2026-10-08T17:00+03:00
2026-10-08T11:03:45+03:00,vox,al-qasr-mall-riyadh,riyadh,caf9b6b9,Info,Standard,إنجليزي,R18,2026-10-08T17:00+03:00
2026-10-08T11:03:45+03:00,vox,roshn-front-riyadh,riyadh,caf9b6b9,Info,Premium,عربي,PG15,2026-10-08T17:00+03:00
2026-10-08T11:03:45+03:00,vox,atyaf-mall-riyadh,riyadh,caf9b6b9,Info,Standard,إنجليزي,R18,2026-10-08T17:00+03:00
2026-10-08T11:03:45+03:00,vox,al-qasr-mall-riyadh,riyadh,caf9b6b9,Info,MAX,عربي,PG15,2026-10-08T17:00+03:00
2026-10-08T11:03:45+03:00,vox,atyaf-mall-riyadh,riyadh,caf9b6b9,Info,Premium,إنجليزي,PG15,2026-10-08T17:00+03:00
2026-10-08T11:03:45+03:00,vox,roshn-front-riyadh,riyadh,caf9b6b9,Info,VIP,إنجليزي,R18,2026-10-08T17:00+03:00
2026-10-08T11:03:45+03:00,vox,the-roof-riyadh,riyadh,caf9b6b9,Info,Standard,عربي,PG15,2026-10-08T17:00+03:00
2026-10-08T11:03:45+03:00,vox,kingdom-centre-riyadh,riyadh,caf9b6b9,Info,VIP,عربي,PG15,2026-10-08T17:00+03:00
2026-10-08T11:03:45+03:00,vox,the-spot-sheikh-jaber-riyadh,riyadh,caf9b6b9,Info,Standard,إنجليزي,R18,2026-10-08T17:00+03:00
2026-10-08T11:03:45+03:00,vox,atyaf-mall-riyadh,riyadh,caf9b6b9,Info,Standard,عربي,R15,2026-10-08T17:05+03:00
2026-10-08T11:03:45+03:00,vox,century-corner-riyadh,riyadh,caf9b6b9,Info,Theatre,إنجليزي,R18,2026-10-08T17:10+03:00
2026-10-08T11:03:45+03:00,vox,al-qasr-mall-riyadh,riyadh,caf9b6b9,Info,Standard,إنجليزي,R18,2026-10-08T17:10+03:00
2026-10-08T11:03:45+03:00,vox,atyaf-mall-riyadh,riyadh,caf9b6b9,Info,Premium,إنجليزي,R15,2026-10-08T17:10+03:00
2026-10-08T11:03:45+03:00,vox,century-corner-riyadh,riyadh,caf9b6b9,Info,IMAX,إنجليزي,R15,2026-10-08T17:15+03:00
2026-10-08T11:03:45+03:00,vox,the-spot-sheikh-jaber-riyadh,riyadh,caf9b6b9,Info,Kids,عربي,PG,2026-10-08T17:15+03:00
2026-10-08T11:03:45+03:00,vox,roshn-front-riyadh,riyadh,caf9b6b9,Info,Standard,إنجليزي,R18,2026-10-08T17:15+03:00
2026-10-08T11:03:45+03:00,vox,the-roof-riyadh,riyadh,caf9b6b9,Info,Standard,إنجليزي,R18,2026-10-08T17:15+03:00
2026-10-08T11:03:45+03:00,vox,atyaf-mall-riyadh,riyadh,caf9b6b9,Info,Kids,عربي,PG,2026-10-08T17:15+03:00
2026-10-08T11:03:45+03:00,vox,kingdom-centre-riyadh,riyadh,caf9b6b9,Info,VIP,إنجليزي,R18,2026-10-08T17:15+03:00
2026-10-08T11:03:45+03:00,vox,sahara-mall-riyadh,riyadh,caf9b6b9,Info,Standard,عربي,PG15,2026-10-08T17:15+03:00
2026-10-08T11:03:45+03:00,vox,the-roof-riyadh,riyadh,caf9b6b9,Info,Premium,إنجليزي,R15,2026-10-08T17:15+03:00
2026-10-08T11:03:45+03:00,vox,atyaf-mall-riyadh,riyadh,caf9b6b9,Info,Standard,إنجليزي,R18,2026-10-08T17:15+03:00
2026-10-08T11:03:45+03:00,vox,via-riyadh,riyadh,caf9b6b9,Info,Standard,عربي,PG15,2026-10-08T17:20+03:00
2026-10-08T11:03:45+03:00,vox,the-spot-sheikh-jaber-riyadh,riyadh,caf9b6b9,Info,Standard,عربي,PG15,2026-10-08T17:20+03:00
2026-10-08T11:03:45+03:00,vox,al-qasr-mall-riyadh,riyadh,caf9b6b9,Info,Standard,إنجليزي,PG15,2026-10-08T17:20+03:00
2026-10-08T11:03:45+03:00,vox,sahara-mall-riyadh,riyadh,caf9b6b9,Info,Standard,هندي,PG12,2026-10-08T17:25+03:00
2026-10-08T11:03:45+03:00,vox,the-spot-sheikh-jaber-riyadh,riyadh,caf9b6b9,Info,Standard,إنجليزي,R18,2026-10-08T17:30+03:00
2026-10-08T11:03:45+03:00,vox,roshn-front-riyadh,riyadh,caf9b6b9,Info,VIP,عربي,PG15,2026-10-08T17:30+03:00
2026-10-08T11:03:45+03:00,vox,kingdom-centre-riyadh,riyadh,caf9b6b9,Info,VIP,إنجليزي,PG15,2026-10-08T17:30+03:00
2026-10-08T11:03:45+03:00,vox,century-corner-riyadh,riyadh,caf9b6b9,Info,Theatre,إنجليزي,R15,2026-10-08T17:30+03:00
2026-10-08T11:03:45+03:00,vox,the-roof-riyadh,riyadh,caf9b6b9,Info,Standard,إنجليزي,R18,2026-10-08T17:30+03:00
2026-10-08T11:03:45+03:00,vox,al-qasr-mall-riyadh,riyadh,caf9b6b9,Info,Standard,مالايالامي,R15,2026-10-08T17:30+03:00
2026-10-08T11:03:45+03:00,vox,riyadh-park-riyadh,riyadh,caf9b6b9,Info,Standard,إنجليزي,PG15,2026-10-08T17:45+03:00
2026-10-08T11:03:45+03:00,vox,atyaf-mall-riyadh,riyadh,caf9b6b9,Info,Standard,إنجليزي,R18,2026-10-08T17:45+03:00
2026-10-08T11:03:45+03:00,vox,sahara-mall-riyadh,riyadh,caf9b6b9,Info,Standard,إنجليزي,R18,2026-10-08T17:45+03:00
2026-10-08T11:03:45+03:00,vox,the-spot-sheikh-jaber-riyadh,riyadh,caf9b6b9,Info,Standard,إنجليزي,PG15,2026-10-08T17:45+03:00
2026-10-08T11:03:45+03:00,vox,sahara-mall-riyadh,riyadh,caf9b6b9,Info,VIP,عربي,PG15,2026-10-08T17:45+03:00
2026-10-08T11:03:45+03:00,vox,kingdom-centre-riyadh,riyadh,caf9b6b9,Info,VIP,إنجليزي,R18,2026-10-08T17:50+03:00
2026-10-08T11:03:45+03:00,vox,al-qasr-mall-riyadh,riyadh,caf9b6b9,Info,Kids,عربي,PG,2026-10-08T17:50+03:00
2026-10-08T11:03:45+03:00,vox,al-qasr-mall-riyadh,riyadh,caf9b6b9,Info,Standard,إنجليزي,R18,2026-10-08T17:50+03:00
2026-10-08T11:03:45+03:00,vox,via-riyadh,riyadh,caf9b6b9,Info,Standard,إنجليزي,R18,2026-10-08T17:50+03:00
2026-10-08T11:03:45+03:00,vox,century-corner-riyadh,riyadh,caf9b6b9,Info,Theatre,إنجليزي,PG15,2026-10-08T17:55+03:00
2026-10-08T11:03:45+03:00,vox,al-qasr-mall-riyadh,riyadh,caf9b6b9,Info,Standard,عربي,PG15,2026-10-08T18:00+03:00
2026-10-08T11:03:45+03:00,vox,the-roof-riyadh,riyadh,caf9b6b9,Info,Kids,إنجليزي,G,2026-10-08T18:00+03:00
2026-10-08T11:03:45+03:00,vox,riyadh-park-riyadh,riyadh,caf9b6b9,Info,Kids,إنجليزي,PG,2026-10-08T18:00+03:00
2026-10-08T11:03:45+03:00,vox,riyadh-park-riyadh,riyadh,caf9b6b9,Info,Premium,إنجليزي,R18,2026-10-08T18:00+03:00
2026-10-08T11:03:45+03:00,vox,roshn-front-riyadh,riyadh,caf9b6b9,Info,Standard,Tagalog,PG12,2026-10-08T18:00+03:00
2026-10-08T11:03:45+03:00,vox,riyadh-park-riyadh,riyadh,caf9b6b9,Info,Standard,إنجليزي,PG15,2026-10-08T18:00+03:00
2026-10-08T11:03:45+03:00,vox,atyaf-mall-riyadh,riyadh,caf9b6b9,Info,Standard,عربي,PG15,2026-10-08T18:00+03:00
2026-10-08T11:03:45+03:00,vox,via-riyadh,riyadh,caf9b6b9,Info,Standard,إنجليزي,R15,2026-10-08T18:00+03:00
2026-10-08T11:03:45+03:00,vox,the-roof-riyadh,riyadh,caf9b6b9,Info,Standard,إنجليزي,R18,2026-10-08T18:00+03:00
2026-10-08T11:03:45+03:00,vox,the-spot-sheikh-jaber-riyadh,riyadh,caf9b6b9,Info,Standard,إنجليزي,R18,2026-10-08T18:00+03:00
2026-10-08T11:03:45+03:00,vox,al-qasr-mall-riyadh,riyadh,caf9b6b9,Info,Standard,إنجليزي,PG15,2026-10-08T18:10+03:00
2026-10-08T11:03:45+03:00,vox,century-corner-riyadh,riyadh,caf9b6b9,Info,Theatre,إنجليزي,PG15,2026-10-08T18:10+03:00
2026-10-08T11:03:45+03:00,vox,roshn-front-riyadh,riyadh,caf9b6b9,Info,Standard,إنجليزي,R18,2026-10-08T18:15+03:00
2026-10-08T11:03:45+03:00,vox,the-roof-riyadh,riyadh,caf9b6b9,Info,Standard,إنجليزي,R18,2026-10-08T18:15+03:00
2026-10-08T11:03:45+03:00,vox,century-corner-riyadh,riyadh,caf9b6b9,Info,Theatre,إنجليزي,R15,2026-10-08T18:20+03:00
2026-10-08T11:03:45+03:00,vox,roshn-front-riyadh,riyadh,caf9b6b9,Info,Kids,إنجليزي,G,2026-10-08T18:20+03:00
2026-10-08T11:03:45+03:00,vox,al-qasr-mall-riyadh,riyadh,caf9b6b9,Info,Kids,إنجليزي,G,2026-10-08T18:20+03:00
2026-10-08T11:03:45+03:00,vox,roshn-front-riyadh,riyadh,caf9b6b9,Info,MAX,عربي,PG15,2026-10-08T18:25+03:00
2026-10-08T11:03:45+03:00,vox,sahara-mall-riyadh,riyadh,caf9b6b9,Info,VIP,إنجليزي,R18,2026-10-08T18:30+03:00
2026-10-08T11:03:45+03:00,vox,sahara-mall-riyadh,riyadh,caf9b6b9,Info,Kids,إنجليزي,G,2026-10-08T18:30+03:00
2026-10-08T11:03:45+03:00,vox,sahara-mall-riyadh,riyadh,caf9b6b9,Info,Standard,Tagalog,PG12,2026-10-08T18:30+03:00
2026-10-08T11:03:45+03:00,vox,century-corner-riyadh,riyadh,caf9b6b9,Info,Theatre,عربي,PG15,2026-10-08T18:30+03:00
2026-10-08T11:03:45+03:00,vox,riyadh-park-riyadh,riyadh,caf9b6b9,Info,Standard,إنجليزي,R18,2026-10-08T18:30+03:00
2026-10-08T11:03:45+03:00,vox,atyaf-mall-riyadh,riyadh,caf9b6b9,Info,Kids,إنجليزي,G,2026-10-08T18:30+03:00
2026-10-08T11:03:45+03:00,vox,roshn-front-riyadh,riyadh,caf9b6b9,Info,Standard,إنجليزي,R18,2026-10-08T18:30+03:00
2026-10-08T11:03:45+03:00,vox,kingdom-centre-riyadh,riyadh,caf9b6b9,Info,VIP,إنجليزي,PG15,2026-10-08T18:30+03:00
2026-10-08T11:03:45+03:00,vox,riyadh-park-riyadh,riyadh,caf9b6b9,Info,Kids,إنجليزي,G,2026-10-08T18:40+03:00
2026-10-08T11:03:45+03:00,vox,the-roof-riyadh,riyadh,caf9b6b9,Info,Standard,إنجليزي,PG15,2026-10-08T18:40+03:00
2026-10-08T11:03:45+03:00,vox,atyaf-mall-riyadh,riyadh,caf9b6b9,Info,Standard,إنجليزي,PG15,2026-10-08T18:45+03:00
2026-10-08T11:03:45+03:00,vox,century-corner-riyadh,riyadh,caf9b6b9,Info,Theatre,إنجليزي,R18,2026-10-08T18:45+03:00
2026-10-08T11:03:45+03:00,vox,kingdom-centre-riyadh,riyadh,caf9b6b9,Info,VIP,إنجليزي,R18,2026-10-08T18:45+03:00
2026-10-08T11:03:45+03:00,vox,roshn-front-riyadh,riyadh,caf9b6b9,Info,Kids,عربي,PG,2026-10-08T18:45+03:00
2026-10-08T11:03:45+03:00,vox,roshn-front-riyadh,riyadh,caf9b6b9,Info,Standard,إنجليزي,PG15,2026-10-08T18:45+03:00
2026-10-08T11:03:45+03:00,vox,via-riyadh,riyadh,caf9b6b9,Info,Standard,إنجليزي,PG15,2026-10-08T18:50+03:00
2026-10-08T11:03:45+03:00,vox,riyadh-park-riyadh,riyadh,caf9b6b9,Info,Standard,إنجليزي,PG12,2026-10-08T18:50+03:00
2026-10-08T11:03:45+03:00,vox,atyaf-mall-riyadh,riyadh,caf9b6b9,Info,Standard,إنجليزي,R18,2026-10-08T18:50+03:00
2026-10-08T11:03:45+03:00,vox,the-spot-sheikh-jaber-riyadh,riyadh,caf9b6b9,Info,Standard,إنجليزي,R18,2026-10-08T18:50+03:00
2026-10-08T11:03:45+03:00,vox,roshn-front-riyadh,riyadh,caf9b6b9,Info,Premium,عربي,PG15,2026-10-08T19:00+03:00
2026-10-08T11:03:45+03:00,vox,the-roof-riyadh,riyadh,caf9b6b9,Info,Standard,عربي,PG15,2026-10-08T19:00+03:00
2026-10-08T11:03:45+03:00,vox,sahara-mall-riyadh,riyadh,caf9b6b9,Info,Standard,إنجليزي,R18,2026-10-08T19:00+03:00
2026-10-08T11:03:45+03:00,vox,riyadh-park-riyadh,riyadh,caf9b6b9,Info,Standard,عربي,PG15,2026-10-08T19:00+03:00
2026-10-08T11:03:45+03:00,vox,century-corner-riyadh,riyadh,caf9b6b9,Info,Theatre,إنجليزي,R18,2026-10-08T19:00+03:00
2026-10-08T11:03:45+03:00,vox,roshn-front-riyadh,riyadh,caf9b6b9,Info,VIP,إنجليزي,R18,2026-10-08T19:00+03:00
2026-10-08T11:03:45+03:00,vox,al-qasr-mall-riyadh,riyadh,caf9b6b9,Info,MAX,عربي,PG15,2026-10-08T19:00+03:00
2026-10-08T11:03:45+03:00,vox,atyaf-mall-riyadh,riyadh,caf9b6b9,Info,Premium,عربي,PG15,2026-10-08T19:00+03:00
2026-10-08T11:03:45+03:00,vox,al-qasr-mall-riyadh,riyadh,caf9b6b9,Info,Standard,إنجليزي,R18,2026-10-08T19:00+03:00
2026-10-08T11:03:45+03:00,vox,via-riyadh,riyadh,caf9b6b9,Info,Standard,إنجليزي,R18,2026-10-08T19:05+03:00
2026-10-08T11:03:45+03:00,vox,al-qasr-mall-riyadh,riyadh,caf9b6b9,Info,Standard,إنجليزي,R18,2026-10-08T19:10+03:00
2026-10-08T11:03:45+03:00,vox,atyaf-mall-riyadh,riyadh,caf9b6b9,Info,Standard,إنجليزي,R18,2026-10-08T19:15+03:00
2026-10-08T11:03:45+03:00,vox,atyaf-mall-riyadh,riyadh,caf9b6b9,Info,Kids,عربي,PG,2026-10-08T19:15+03:00
2026-10-08T11:03:45+03:00,vox,roshn-front-riyadh,riyadh,caf9b6b9,Info,Standard,إنجليزي,PG15,2026-10-08T19:15+03:00
2026-10-08T11:03:45+03:00,vox,al-qasr-mall-riyadh,riyadh,caf9b6b9,Info,Standard,إنجليزي,R18,2026-10-08T19:15+03:00
2026-10-08T11:03:45+03:00,vox,roshn-front-riyadh,riyadh,caf9b6b9,Info,VIP,إنجليزي,R18,2026-10-08T19:15+03:00
2026-10-08T11:03:45+03:00,vox,sahara-mall-riyadh,riyadh,caf9b6b9,Info,Standard,عربي,PG15,2026-10-08T19:15+03:00
2026-10-08T11:03:45+03:00,vox,the-spot-sheikh-jaber-riyadh,riyadh,caf9b6b9,Info,Premium,إنجليزي,R15,2026-10-08T19:15+03:00
2026-10-08T11:03:45+03:00,vox,the-roof-riyadh,riyadh,caf9b6b9,Info,Standard,إنجليزي,R18,2026-10-08T19:15+03:00
2026-10-08T11:03:45+03:00,vox,the-spot-sheikh-jaber-riyadh,riyadh,caf9b6b9,Info,Kids,إنجليزي,PG,2026-10-08T19:15+03:00
2026-10-08T11:03:45+03:00,vox,kingdom-centre-riyadh,riyadh,caf9b6b9,Info,VIP,عربي,PG15,2026-10-08T19:20+03:00
2026-10-08T11:03:45+03:00,vox,al-qasr-mall-riyadh,riyadh,caf9b6b9,Info,Standard,مالايالامي,R15,2026-10-08T19:25+03:00
2026-10-08T11:03:45+03:00,vox,roshn-front-riyadh,riyadh,caf9b6b9,Info,Standard,إنجليزي,R18,2026-10-08T19:30+03:00
2026-10-08T11:03:45+03:00,vox,al-qasr-mall-riyadh,riyadh,caf9b6b9,Info,Standard,إنجليزي,PG15,2026-10-08T19:30+03:00
2026-10-08T11:03:45+03:00,vox,riyadh-park-riyadh,riyadh,caf9b6b9,Info,Standard,Tagalog,PG12,2026-10-08T19:30+03:00
2026-10-08T11:03:45+03:00,vox,the-roof-riyadh,riyadh,caf9b6b9,Info,Standard,إنجليزي,R18,2026-10-08T19:30+03:00
2026-10-08T11:03:45+03:00,vox,the-spot-sheikh-jaber-riyadh,riyadh,caf9b6b9,Info,Standard,عربي,PG15,2026-10-08T19:30+03:00
2026-10-08T11:03:45+03:00,vox,century-corner-riyadh,riyadh,caf9b6b9,Info,Theatre,عربي,PG15,2026-10-08T19:30+03:00
2026-10-08T11:03:45+03:00,vox,kingdom-centre-riyadh,riyadh,caf9b6b9,Info,VIP,إنجليزي,R18,2026-10-08T19:35+03:00
2026-10-08T11:03:45+03:00,vox,via-riyadh,riyadh,caf9b6b9,Info,Standard,عربي,PG15,2026-10-08T19:35+03:00
2026-10-08T11:03:45+03:00,vox,atyaf-mall-riyadh,riyadh,caf9b6b9,Info,Premium,إنجليزي,R18,2026-10-08T19:40+03:00
2026-10-08T11:03:45+03:00,vox,roshn-front-riyadh,riyadh,caf9b6b9,Info,Standard,إنجليزي,R18,2026-10-08T19:45+03:00
2026-10-08T11:03:45+03:00,vox,atyaf-mall-riyadh,riyadh,caf9b6b9,Info,Standard,إنجليزي,R18,2026-10-08T19:45+03:00
2026-10-08T11:03:45+03:00,vox,roshn-front-riyadh,riyadh,caf9b6b9,Info,VIP,عربي,PG15,2026-10-08T19:45+03:00
2026-10-08T11:03:45+03:00,vox,the-spot-sheikh-jaber-riyadh,riyadh,caf9b6b9,Info,Standard,إنجليزي,PG15,2026-10-08T19:45+03:00
2026-10-08T11:03:45+03:00,vox,sahara-mall-riyadh,riyadh,caf9b6b9,Info,VIP,عربي,PG15,2026-10-08T19:45+03:00
2026-10-08T11:03:45+03:00,vox,the-roof-riyadh,riyadh,caf9b6b9,Info,Kids,إنجليزي,PG,2026-10-08T19:45+03:00
2026-10-08T11:03:45+03:00,vox,riyadh-park-riyadh,riyadh,caf9b6b9,Info,IMAX,إنجليزي,R18,2026-10-08T19:45+03:00
2026-10-08T11:03:45+03:00,vox,sahara-mall-riyadh,riyadh,caf9b6b9,Info,Standard,إنجليزي,R18,2026-10-08T19:45+03:00
2026-10-08T11:03:45+03:00,vox,kingdom-centre-riyadh,riyadh,caf9b6b9,Info,VIP,عربي,R15,2026-10-08T19:55+03:00
2026-10-08T11:03:45+03:00,vox,atyaf-mall-riyadh,riyadh,caf9b6b9,Info,Standard,عربي,PG15,2026-10-08T20:00+03:00
2026-10-08T11:03:45+03:00,vox,the-roof-riyadh,riyadh,caf9b6b9,Info,Premium,إنجليزي,R15,2026-10-08T20:00+03:00
2026-10-08T11:03:45+03:00,vox,riyadh-park-riyadh,riyadh,caf9b6b9,Info,Standard,إنجليزي,PG15,2026-10-08T20:00+03:00
2026-10-08T11:03:45+03:00,vox,al-qasr-mall-riyadh,riyadh,caf9b6b9,Info,Standard,إنجليزي,R18,2026-10-08T20:00+03:00
2026-10-08T11:03:45+03:00,vox,via-riyadh,riyadh,caf9b6b9,Info,Standard,إنجليزي,R18,2026-10-08T20:05+03:00
2026-10-08T11:03:45+03:00,vox,roshn-front-riyadh,riyadh,caf9b6b9,Info,Kids,إنجليزي,PG,2026-10-08T20:05+03:00
2026-10-08T11:03:45+03:00,vox,al-qasr-mall-riyadh,riyadh,caf9b6b9,Info,Kids,إنجليزي,PG15,2026-10-08T20:10+03:00
2026-10-08T11:03:45+03:00,vox,kingdom-centre-riyadh,riyadh,caf9b6b9,Info,VIP,إنجليزي,R18,2026-10-08T20:10+03:00
2026-10-08T11:03:45+03:00,vox,century-corner-riyadh,riyadh,caf9b6b9,Info,Theatre,إنجليزي,R18,2026-10-08T20:10+03:00
2026-10-08T11:03:45+03:00,vox,sahara-mall-riyadh,riyadh,caf9b6b9,Info,Standard,إنجليزي,PG15,2026-10-08T20:10+03:00
2026-10-08T11:03:45+03:00,vox,al-qasr-mall-riyadh,riyadh,caf9b6b9,Info,Kids,إنجليزي,PG,2026-10-08T20:15+03:00
2026-10-08T11:03:45+03:00,vox,sahara-mall-riyadh,riyadh,caf9b6b9,Info,Kids,إنجليزي,G,2026-10-08T20:15+03:00
2026-10-08T11:03:45+03:00,vox,atyaf-mall-riyadh,riyadh,caf9b6b9,Info,Kids,إنجليزي,G,2026-10-08T20:15+03:00
2026-10-08T11:03:45+03:00,vox,the-roof-riyadh,riyadh,caf9b6b9,Info,Standard,إنجليزي,R18,2026-10-08T20:15+03:00
2026-10-08T11:03:45+03:00,vox,riyadh-park-riyadh,riyadh,caf9b6b9,Info,Standard,إنجليزي,R18,2026-10-08T20:15+03:00
2026-10-08T11:03:45+03:00,vox,roshn-front-riyadh,riyadh,caf9b6b9,Info,Standard,عربي,PG15,2026-10-08T20:15+03:00
2026-10-08T11:03:45+03:00,vox,century-corner-riyadh,riyadh,caf9b6b9,Info,Theatre,إنجليزي,R18,2026-10-08T20:15+03:00
2026-10-08T11:03:45+03:00,vox,the-spot-sheikh-jaber-riyadh,riyadh,caf9b6b9,Info,Standard,إنجليزي,R18,2026-10-08T20:15+03:00
2026-10-08T11:03:45+03:00,vox,riyadh-park-riyadh,riyadh,caf9b6b9,Info,Kids,عربي,PG,2026-10-08T20:15+03:00
2026-10-08T11:03:45+03:00,vox,roshn-front-riyadh,riyadh,caf9b6b9,Info,MAX,عربي,PG15,2026-10-08T20:30+03:00
2026-10-08T11:03:45+03:00,vox,sahara-mall-riyadh,riyadh,caf9b6b9,Info,Standard,هندي,PG12,2026-10-08T20:30+03:00
2026-10-08T11:03:45+03:00,vox,via-riyadh,riyadh,caf9b6b9,Info,Standard,عربي,PG15,2026-10-08T20:30+03:00
2026-10-08T11:03:45+03:00,vox,riyadh-park-riyadh,riyadh,caf9b6b9,Info,Premium,إنجليزي,R18,2026-10-08T20:30+03:00
2026-10-08T11:03:45+03:00,vox,atyaf-mall-riyadh,riyadh,caf9b6b9,Info,Standard,إنجليزي,R18,2026-10-08T20:30+03:00
2026-10-08T11:03:45+03:00,vox,century-corner-riyadh,riyadh,caf9b6b9,Info,Standard,عربي,R15,2026-10-08T20:30+03:00
2026-10-08T11:03:45+03:00,vox,al-qasr-mall-riyadh,riyadh,caf9b6b9,Info,Standard,هندي,PG12,2026-10-08T20:30+03:00
2026-10-08T11:03:45+03:00,vox,riyadh-park-riyadh,riyadh,caf9b6b9,Info,Kids,إنجليزي,PG,2026-10-08T20:30+03:00
2026-10-08T11:03:45+03:00,vox,century-corner-riyadh,riyadh,caf9b6b9,Info,Theatre,عربي,PG15,2026-10-08T20:30+03:00
2026-10-08T11:03:45+03:00,vox,sahara-mall-riyadh,riyadh,caf9b6b9,Info,VIP,إنجليزي,R18,2026-10-08T20:30+03:00
2026-10-08T11:03:45+03:00,vox,roshn-front-riyadh,riyadh,caf9b6b9,Info,Standard,إنجليزي,R18,2026-10-08T20:30+03:00
2026-10-08T11:03:45+03:00,vox,al-qasr-mall-riyadh,riyadh,caf9b6b9,Info,Standard,Tagalog,PG12,2026-10-08T20:40+03:00
2026-10-08T11:03:45+03:00,vox,riyadh-park-riyadh,riyadh,caf9b6b9,Info,Standard,إنجليزي,R18,2026-10-08T20:40+03:00
2026-10-08T11:03:45+03:00,vox,roshn-front-riyadh,riyadh,caf9b6b9,Info,Standard,إنجليزي,R18,2026-10-08T20:45+03:00
2026-10-08T11:03:45+03:00,vox,kingdom-centre-riyadh,riyadh,caf9b6b9,Info,VIP,إنجليزي,PG15,2026-10-08T20:45+03:00
2026-10-08T11:03:45+03:00,vox,the-roof-riyadh,riyadh,caf9b6b9,Info,Standard,إنجليزي,R18,2026-10-08T20:45+03:00
2026-10-08T11:03:45+03:00,vox,century-corner-riyadh,riyadh,caf9b6b9,Info,IMAX,إنجليزي,R15,2026-10-08T20:45+03:00
2026-10-08T11:03:45+03:00,vox,the-spot-sheikh-jaber-riyadh,riyadh,caf9b6b9,Info,Standard,إنجليزي,R18,2026-10-08T20:45+03:00
2026-10-08T11:03:45+03:00,vox,al-qasr-mall-riyadh,riyadh,caf9b6b9,Info,Standard,مالايالامي,R15,2026-10-08T20:45+03:00
2026-10-08T11:03:45+03:00,vox,atyaf-mall-riyadh,riyadh,caf9b6b9,Info,Standard,عربي,PG15,2026-10-08T20:45+03:00
2026-10-08T11:03:45+03:00,vox,roshn-front-riyadh,riyadh,caf9b6b9,Info,Kids,إنجليزي,PG,2026-10-08T20:50+03:00
2026-10-08T11:03:45+03:00,vox,the-roof-riyadh,riyadh,caf9b6b9,Info,Standard,إنجليزي,PG15,2026-10-08T20:50+03:00
2026-10-08T11:03:45+03:00,vox,century-corner-riyadh,riyadh,caf9b6b9,Info,Theatre,إنجليزي,R18,2026-10-08T21:00+03:00
2026-10-08T11:03:45+03:00,vox,the-roof-riyadh,riyadh,caf9b6b9,Info,Standard,عربي,PG15,2026-10-08T21:00+03:00
2026-10-08T11:03:45+03:00,vox,al-qasr-mall-riyadh,riyadh,caf9b6b9,Info,Standard,إنجليزي,R18,2026-10-08T21:00+03:00
2026-10-08T11:03:45+03:00,vox,al-qasr-mall-riyadh,riyadh,caf9b6b9,Info,MAX,عربي,PG15,2026-10-08T21:00+03:00
2026-10-08T11:03:45+03:00,vox,kingdom-centre-riyadh,riyadh,caf9b6b9,Info,VIP,إنجليزي,R18,2026-10-08T21:00+03:00
2026-10-08T11:03:45+03:00,vox,sahara-mall-riyadh,riyadh,caf9b6b9,Info,Standard,إنجليزي,R18,2026-10-08T21:00+03:00
2026-10-08T11:03:45+03:00,vox,atyaf-mall-riyadh,riyadh,caf9b6b9,Info,Standard,إنجليزي,R18,2026-10-08T21:00+03:00
2026-10-08T11:03:45+03:00,vox,atyaf-mall-riyadh,riyadh,caf9b6b9,Info,Premium,عربي,R15,2026-10-08T21:00+03:00
2026-10-08T11:03:45+03:00,vox,roshn-front-riyadh,riyadh,caf9b6b9,Info,Standard,إنجليزي,PG15,2026-10-08T21:00+03:00
2026-10-08T11:03:45+03:00,vox,roshn-front-riyadh,riyadh,caf9b6b9,Info,Premium,عربي,PG15,2026-10-08T21:00+03:00
2026-10-08T11:03:45+03:00,vox,kingdom-centre-riyadh,riyadh,caf9b6b9,Info,VIP,إنجليزي,R18,2026-10-08T21:10+03:00
2026-10-08T11:03:45+03:00,vox,al-qasr-mall-riyadh,riyadh,caf9b6b9,Info,Standard,إنجليزي,R18,2026-10-08T21:10+03:00
2026-10-08T11:03:45+03:00,vox,roshn-front-riyadh,riyadh,caf9b6b9,Info,Standard,إنجليزي,R15,2026-10-08T21:10+03:00
2026-10-08T11:03:45+03:00,vox,century-corner-riyadh,riyadh,caf9b6b9,Info,Theatre,إنجليزي,R18,2026-10-08T21:15+03:00
2026-10-08T11:03:45+03:00,vox,atyaf-mall-riyadh,riyadh,caf9b6b9,Info,Kids,إنجليزي,PG15,2026-10-08T21:15+03:00
2026-10-08T11:03:45+03:00,vox,riyadh-park-riyadh,riyadh,caf9b6b9,Info,Standard,عربي,PG15,2026-10-08T21:15+03:00
2026-10-08T11:03:45+03:00,vox,roshn-front-riyadh,riyadh,caf9b6b9,Info,VIP,إنجليزي,R18,2026-10-08T21:15+03:00
2026-10-08T11:03:45+03:00,vox,atyaf-mall-riyadh,riyadh,caf9b6b9,Info,Standard,عربي,R15,2026-10-08T21:15+03:00
2026-10-08T11:03:45+03:00,vox,the-spot-sheikh-jaber-riyadh,riyadh,caf9b6b9,Info,Kids,إنجليزي,G,2026-10-08T21:15+03:00
2026-10-08T11:03:45+03:00,vox,sahara-mall-riyadh,riyadh,caf9b6b9,Info,Standard,عربي,PG15,2026-10-08T21:15+03:00
2026-10-08T11:03:45+03:00,vox,the-roof-riyadh,riyadh,caf9b6b9,Info,Standard,إنجليزي,R18,2026-10-08T21:15+03:00
2026-10-08T11:03:45+03:00,vox,the-spot-sheikh-jaber-riyadh,riyadh,caf9b6b9,Info,Standard,عربي,PG15,2026-10-08T21:30+03:00
2026-10-08T11:03:45+03:00,vox,the-roof-riyadh,riyadh,caf9b6b9,Info,Standard,إنجليزي,R18,2026-10-08T21:30+03:00
2026-10-08T11:03:45+03:00,vox,riyadh-park-riyadh,riyadh,caf9b6b9,Info,Premium,إنجليزي,PG12,2026-10-08T21:30+03:00
2026-10-08T11:03:45+03:00,vox,via-riyadh,riyadh,caf9b6b9,Info,Standard,إنجليزي,PG15,2026-10-08T21:30+03:00
2026-10-08T11:03:45+03:00,vox,roshn-front-riyadh,riyadh,caf9b6b9,Info,Standard,إنجليزي,PG15,2026-10-08T21:30+03:00
2026-10-08T11:03:45+03:00,vox,al-qasr-mall-riyadh,riyadh,caf9b6b9,Info,Standard,إنجليزي,PG15,2026-10-08T21:35+03:00
2026-10-08T11:03:45+03:00,vox,the-roof-riyadh,riyadh,caf9b6b9,Info,Kids,إنجليزي,G,2026-10-08T21:45+03:00
2026-10-08T11:03:45+03:00,vox,the-spot-sheikh-jaber-riyadh,riyadh,caf9b6b9,Info,Standard,إنجليزي,PG15,2026-10-08T21:45+03:00
2026-10-08T11:03:45+03:00,vox,atyaf-mall-riyadh,riyadh,caf9b6b9,Info,Standard,هندي,PG12,2026-10-08T21:45+03:00
2026-10-08T11:03:45+03:00,vox,al-qasr-mall-riyadh,riyadh,caf9b6b9,Info,Standard,إنجليزي,R15,2026-10-08T21:45+03:00
2026-10-08T11:03:45+03:00,vox,sahara-mall-riyadh,riyadh,caf9b6b9,Info,VIP,عربي,PG15,2026-10-08T21:45+03:00
2026-10-08T11:03:45+03:00,vox,via-riyadh,riyadh,caf9b6b9,Info,Standard,عربي,PG15,2026-10-08T21:45+03:00
2026-10-08T11:03:45+03:00,vox,the-spot-sheikh-jaber-riyadh,riyadh,caf9b6b9,Info,Premium,إنجليزي,R18,2026-10-08T21:45+03:00
2026-10-08T11:03:45+03:00,vox,century-corner-riyadh,riyadh,caf9b6b9,Info,Theatre,إنجليزي,R18,2026-10-08T21:45+03:00
2026-10-08T11:03:45+03:00,vox,sahara-mall-riyadh,riyadh,caf9b6b9,Info,Standard,إنجليزي,R18,2026-10-08T21:45+03:00
2026-10-08T11:03:45+03:00,vox,riyadh-park-riyadh,riyadh,caf9b6b9,Info,Standard,إنجليزي,R15,2026-10-08T21:45+03:00
2026-10-08T11:03:45+03:00,vox,atyaf-mall-riyadh,riyadh,caf9b6b9,Info,Standard,عربي,PG15,2026-10-08T22:00+03:00
2026-10-08T11:03:45+03:00,vox,atyaf-mall-riyadh,riyadh,caf9b6b9,Info,Kids,إنجليزي,G,2026-10-08T22:00+03:00
2026-10-08T11:03:45+03:00,vox,sahara-mall-riyadh,riyadh,caf9b6b9,Info,Kids,إنجليزي,PG15,2026-10-08T22:00+03:00
2026-10-08T11:03:45+03:00,vox,riyadh-park-riyadh,riyadh,caf9b6b9,Info,Standard,عربي,R15,2026-10-08T22:00+03:00
2026-10-08T11:03:45+03:00,vox,atyaf-mall-riyadh,riyadh,caf9b6b9,Info,Premium,إنجليزي,R15,2026-10-08T22:00+03:00
2026-10-08T11:03:45+03:00,vox,al-qasr-mall-riyadh,riyadh,caf9b6b9,Info,Standard,عربي,PG15,2026-10-08T22:00+03:00
2026-10-08T11:03:45+03:00,vox,roshn-front-riyadh,riyadh,caf9b6b9,Info,VIP,عربي,PG15,2026-10-08T22:00+03:00
2026-10-08T11:03:45+03:00,vox,riyadh-park-riyadh,riyadh,caf9b6b9,Info,IMAX,إنجليزي,R15,2026-10-08T22:00+03:00
2026-10-08T11:03:45+03:00,vox,century-corner-riyadh,riyadh,caf9b6b9,Info,Theatre,إنجليزي,PG15,2026-10-08T22:15+03:00
2026-10-08T11:03:45+03:00,vox,atyaf-mall-riyadh,riyadh,caf9b6b9,Info,Standard,هندي,PG12,2026-10-08T22:15+03:00
2026-10-08T11:03:45+03:00,vox,sahara-mall-riyadh,riyadh,caf9b6b9,Info,Standard,إنجليزي,PG15,2026-10-08T22:15+03:00
2026-10-08T11:03:45+03:00,vox,kingdom-centre-riyadh,riyadh,caf9b6b9,Info,VIP,إنجليزي,PG15,2026-10-08T22:15+03:00
2026-10-08T11:03:45+03:00,vox,roshn-front-riyadh,riyadh,caf9b6b9,Info,Standard,عربي,PG15,2026-10-08T22:15+03:00
2026-10-08T11:03:45+03:00,vox,roshn-front-riyadh,riyadh,caf9b6b9,Info,Kids,إنجليزي,PG15,2026-10-08T22:15+03:00
2026-10-08T11:03:45+03:00,vox,al-qasr-mall-riyadh,riyadh,caf9b6b9,Info,Standard,مالايالامي,R15,2026-10-08T22:15+03:00
2026-10-08T11:03:45+03:00,vox,riyadh-park-riyadh,riyadh,caf9b6b9,Info,Standard,إنجليزي,PG15,2026-10-08T22:20+03:00
2026-10-08T11:03:45+03:00,vox,al-qasr-mall-riyadh,riyadh,caf9b6b9,Info,Kids,إنجليزي,PG15,2026-10-08T22:20+03:00
2026-10-08T11:03:45+03:00,vox,century-corner-riyadh,riyadh,caf9b6b9,Info,Theatre,إنجليزي,PG15,2026-10-08T22:25+03:00
2026-10-08T11:03:45+03:00,vox,century-corner-riyadh,riyadh,caf9b6b9,Info,Theatre,عربي,PG15,2026-10-08T22:30+03:00
2026-10-08T11:03:45+03:00,vox,riyadh-park-riyadh,riyadh,caf9b6b9,Info,Standard,إنجليزي,R18,2026-10-08T22:30+03:00
2026-10-08T11:03:45+03:00,vox,the-spot-sheikh-jaber-riyadh,riyadh,caf9b6b9,Info,Standard,إنجليزي,PG15,2026-10-08T22:30+03:00
2026-10-08T11:03:45+03:00,vox,roshn-front-riyadh,riyadh,caf9b6b9,Info,Standard,إنجليزي,R18,2026-10-08T22:30+03:00
2026-10-08T11:03:45+03:00,vox,atyaf-mall-riyadh,riyadh,caf9b6b9,Info,Standard,Tagalog,PG12,2026-10-08T22:30+03:00
2026-10-08T11:03:45+03:00,vox,sahara-mall-riyadh,riyadh,caf9b6b9,Info,VIP,إنجليزي,R18,2026-10-08T22:30+03:00
2026-10-08T11:03:45+03:00,vox,the-roof-riyadh,riyadh,caf9b6b9,Info,Standard,عربي,PG15,2026-10-08T22:30+03:00
2026-10-08T11:03:45+03:00,vox,kingdom-centre-riyadh,riyadh,caf9b6b9,Info,VIP,إنجليزي,R18,2026-10-08T22:30+03:00
2026-10-08T11:03:45+03:00,vox,riyadh-park-riyadh,riyadh,caf9b6b9,Info,Kids,إنجليزي,PG,2026-10-08T22:30+03:00
2026-10-08T11:03:45+03:00,vox,the-spot-sheikh-jaber-riyadh,riyadh,caf9b6b9,Info,Standard,إنجليزي,R18,2026-10-08T22:40+03:00
2026-10-08T11:03:45+03:00,vox,via-riyadh,riyadh,caf9b6b9,Info,Standard,عربي,PG15,2026-10-08T22:40+03:00
2026-10-08T11:03:45+03:00,vox,sahara-mall-riyadh,riyadh,caf9b6b9,Info,Standard,عربي,PG15,2026-10-08T22:40+03:00
2026-10-08T11:03:45+03:00,vox,atyaf-mall-riyadh,riyadh,caf9b6b9,Info,Standard,إنجليزي,R18,2026-10-08T22:40+03:00
2026-10-08T11:03:45+03:00,vox,roshn-front-riyadh,riyadh,caf9b6b9,Info,MAX,عربي,PG15,2026-10-08T22:40+03:00
2026-10-08T11:03:45+03:00,vox,roshn-front-riyadh,riyadh,caf9b6b9,Info,Standard,إنجليزي,R18,2026-10-08T22:45+03:00
2026-10-08T11:03:45+03:00,vox,riyadh-park-riyadh,riyadh,caf9b6b9,Info,Kids,إنجليزي,PG15,2026-10-08T22:45+03:00
2026-10-08T11:03:45+03:00,vox,century-corner-riyadh,riyadh,caf9b6b9,Info,Theatre,إنجليزي,R18,2026-10-08T22:45+03:00
2026-10-08T11:03:45+03:00,vox,riyadh-park-riyadh,riyadh,caf9b6b9,Info,Standard,إنجليزي,R18,2026-10-08T22:45+03:00
2026-10-08T11:03:45+03:00,vox,al-qasr-mall-riyadh,riyadh,caf9b6b9,Info,Standard,إنجليزي,PG15,2026-10-08T22:45+03:00
2026-10-08T11:03:45+03:00,vox,the-roof-riyadh,riyadh,caf9b6b9,Info,Premium,إنجليزي,R15,2026-10-08T22:45+03:00
2026-10-08T11:03:45+03:00,vox,the-roof-riyadh,riyadh,caf9b6b9,Info,Standard,عربي,PG15,2026-10-08T23:00+03:00
2026-10-08T11:03:45+03:00,vox,kingdom-centre-riyadh,riyadh,caf9b6b9,Info,VIP,إنجليزي,PG15,2026-10-08T23:00+03:00
2026-10-08T11:03:45+03:00,vox,al-qasr-mall-riyadh,riyadh,caf9b6b9,Info,MAX,عربي,PG15,2026-10-08T23:00+03:00
2026-10-08T11:03:45+03:00,vox,century-corner-riyadh,riyadh,caf9b6b9,Info,Theatre,إنجليزي,R18,2026-10-08T23:00+03:00
2026-10-08T11:03:45+03:00,vox,sahara-mall-riyadh,riyadh,caf9b6b9,Info,Standard,إنجليزي,R18,2026-10-08T23:00+03:00
2026-10-08T11:03:45+03:00,vox,roshn-front-riyadh,riyadh,caf9b6b9,Info,Kids,إنجليزي,PG15,2026-10-08T23:00+03:00
2026-10-08T11:03:45+03:00,vox,atyaf-mall-riyadh,riyadh,caf9b6b9,Info,Standard,إنجليزي,PG15,2026-10-08T23:00+03:00
2026-10-08T11:03:45+03:00,vox,al-qasr-mall-riyadh,riyadh,caf9b6b9,Info,Standard,إنجليزي,R18,2026-10-08T23:00+03:00
2026-10-08T11:03:45+03:00,vox,roshn-front-riyadh,riyadh,caf9b6b9,Info,Premium,عربي,PG15,2026-10-08T23:00+03:00
2026-10-08T11:03:45+03:00,vox,the-spot-sheikh-jaber-riyadh,riyadh,caf9b6b9,Info,Kids,إنجليزي,PG15,2026-10-08T23:00+03:00
2026-10-08T11:03:45+03:00,vox,al-qasr-mall-riyadh,riyadh,caf9b6b9,Info,Kids,إنجليزي,PG15,2026-10-08T23:05+03:00
2026-10-08T11:03:45+03:00,vox,via-riyadh,riyadh,caf9b6b9,Info,Standard,إنجليزي,PG15,2026-10-08T23:05+03:00
2026-10-08T11:03:45+03:00,vox,roshn-front-riyadh,riyadh,caf9b6b9,Info,VIP,إنجليزي,R15,2026-10-08T23:05+03:00
2026-10-08T11:03:45+03:00,vox,kingdom-centre-riyadh,riyadh,caf9b6b9,Info,VIP,إنجليزي,R18,2026-10-08T23:10+03:00
2026-10-08T11:03:45+03:00,vox,al-qasr-mall-riyadh,riyadh,caf9b6b9,Info,Standard,إنجليزي,R18,2026-10-08T23:10+03:00
2026-10-08T11:03:45+03:00,vox,riyadh-park-riyadh,riyadh,caf9b6b9,Info,Premium,إنجليزي,R18,2026-10-08T23:10+03:00
2026-10-08T11:03:45+03:00,vox,roshn-front-riyadh,riyadh,caf9b6b9,Info,VIP,إنجليزي,R18,2026-10-08T23:15+03:00
2026-10-08T11:03:45+03:00,vox,the-roof-riyadh,riyadh,caf9b6b9,Info,Standard,إنجليزي,R18,2026-10-08T23:15+03:00
2026-10-08T11:03:45+03:00,vox,roshn-front-riyadh,riyadh,caf9b6b9,Info,Standard,إنجليزي,PG15,2026-10-08T23:15+03:00
2026-10-08T11:03:45+03:00,vox,atyaf-mall-riyadh,riyadh,caf9b6b9,Info,Premium,عربي,R15,2026-10-08T23:15+03:00
2026-10-08T11:03:45+03:00,vox,sahara-mall-riyadh,riyadh,caf9b6b9,Info,Standard,عربي,PG15,2026-10-08T23:15+03:00
2026-10-08T11:03:45+03:00,vox,kingdom-centre-riyadh,riyadh,caf9b6b9,Info,VIP,إنجليزي,R18,2026-10-08T23:30+03:00
2026-10-08T11:03:45+03:00,vox,sahara-mall-riyadh,riyadh,caf9b6b9,Info,Standard,إنجليزي,R18,2026-10-08T23:30+03:00
2026-10-08T11:03:45+03:00,vox,the-roof-riyadh,riyadh,caf9b6b9,Info,Kids,إنجليزي,PG15,2026-10-08T23:30+03:00
2026-10-08T11:03:45+03:00,vox,atyaf-mall-riyadh,riyadh,caf9b6b9,Info,Standard,إنجليزي,R18,2026-10-08T23:30+03:00
2026-10-08T11:03:45+03:00,vox,the-spot-sheikh-jaber-riyadh,riyadh,caf9b6b9,Info,Standard,عربي,PG15,2026-10-08T23:30+03:00
2026-10-08T11:03:45+03:00,vox,century-corner-riyadh,riyadh,caf9b6b9,Info,IMAX,إنجليزي,R15,2026-10-08T23:30+03:00
2026-10-08T11:03:45+03:00,vox,the-roof-riyadh,riyadh,caf9b6b9,Info,Standard,إنجليزي,R18,2026-10-08T23:30+03:00
2026-10-08T11:03:45+03:00,vox,roshn-front-riyadh,riyadh,caf9b6b9,Info,Standard,إنجليزي,PG15,2026-10-08T23:30+03:00
2026-10-08T11:03:45+03:00,vox,riyadh-park-riyadh,riyadh,caf9b6b9,Info,Standard,عربي,PG15,2026-10-08T23:30+03:00
2026-10-08T11:03:45+03:00,vox,century-corner-riyadh,riyadh,caf9b6b9,Info,Theatre,إنجليزي,R15,2026-10-08T23:35+03:00
2026-10-08T11:03:45+03:00,vox,al-qasr-mall-riyadh,riyadh,caf9b6b9,Info,Standard,إنجليزي,PG15,2026-10-08T23:40+03:00
2026-10-08T11:03:45+03:00,vox,sahara-mall-riyadh,riyadh,caf9b6b9,Info,Standard,إنجليزي,R15,2026-10-08T23:40+03:00
2026-10-08T11:03:45+03:00,vox,al-qasr-mall-riyadh,riyadh,caf9b6b9,Info,Standard,عربي,R15,2026-10-08T23:45+03:00
2026-10-08T11:03:45+03:00,vox,atyaf-mall-riyadh,riyadh,caf9b6b9,Info,Kids,إنجليزي,G,2026-10-08T23:45+03:00
2026-10-08T11:03:45+03:00,vox,the-spot-sheikh-jaber-riyadh,riyadh,caf9b6b9,Info,Standard,إنجليزي,PG15,2026-10-08T23:45+03:00
2026-10-08T11:03:45+03:00,vox,roshn-front-riyadh,riyadh,caf9b6b9,Info,Standard,إنجليزي,R18,2026-10-08T23:45+03:00
2026-10-08T11:03:45+03:00,vox,sahara-mall-riyadh,riyadh,caf9b6b9,Info,VIP,عربي,PG15,2026-10-08T23:45+03:00
2026-10-08T11:03:45+03:00,vox,century-corner-riyadh,riyadh,caf9b6b9,Info,Theatre,إنجليزي,R18,2026-10-08T23:45+03:00
2026-10-08T11:03:45+03:00,vox,roshn-front-riyadh,riyadh,caf9b6b9,Info,Standard,إنجليزي,R15,2026-10-08T23:50+03:00
2026-10-08T11:03:45+03:00,vox,via-riyadh,riyadh,caf9b6b9,Info,Standard,عربي,PG15,2026-10-08T23:50+03:00
2026-10-08T11:03:45+03:00,vox,al-qasr-mall-riyadh,riyadh,caf9b6b9,Info,Standard,إنجليزي,R18,2026-10-09T00:00+03:00
2026-10-08T11:03:45+03:00,vox,roshn-front-riyadh,riyadh,caf9b6b9,Info,VIP,إنجليزي,R18,2026-10-09T00:00+03:00
2026-10-08T11:03:45+03:00,vox,atyaf-mall-riyadh,riyadh,caf9b6b9,Info,Standard,عربي,PG15,2026-10-09T00:00+03:00
2026-10-08T11:03:45+03:00,vox,sahara-mall-riyadh,riyadh,caf9b6b9,Info,Standard,إنجليزي,R18,2026-10-09T00:00+03:00
2026-10-08T11:03:45+03:00,vox,century-corner-riyadh,riyadh,caf9b6b9,Info,Theatre,عربي,PG15,2026-10-09T00:00+03:00
2026-10-08T11:03:45+03:00,vox,kingdom-centre-riyadh,riyadh,caf9b6b9,Info,VIP,عربي,PG15,2026-10-09T00:05+03:00
2026-10-08T11:03:45+03:00,vox,the-spot-sheikh-jaber-riyadh,riyadh,caf9b6b9,Info,Premium,إنجليزي,R15,2026-10-09T00:15+03:00
2026-10-08T11:03:45+03:00,vox,atyaf-mall-riyadh,riyadh,caf9b6b9,Info,Kids,إنجليزي,PG15,2026-10-09T00:15+03:00
2026-10-08T11:03:45+03:00,vox,via-riyadh,riyadh,caf9b6b9,Info,Standard,إنجليزي,R18,2026-10-09T00:15+03:00
2026-10-08T11:03:45+03:00,vox,sahara-mall-riyadh,riyadh,caf9b6b9,Info,Standard,إنجليزي,R18,2026-10-09T00:15+03:00
2026-10-08T11:03:45+03:00,vox,riyadh-park-riyadh,riyadh,caf9b6b9,Info,Standard,إنجليزي,PG15,2026-10-09T00:15+03:00
2026-10-08T11:03:45+03:00,vox,kingdom-centre-riyadh,riyadh,caf9b6b9,Info,VIP,إنجليزي,R18,2026-10-09T00:20+03:00
2026-10-08T11:03:45+03:00,vox,al-qasr-mall-riyadh,riyadh,caf9b6b9,Info,Standard,إنجليزي,R18,2026-10-09T00:20+03:00
2026-10-08T11:03:45+03:00,vox,roshn-front-riyadh,riyadh,caf9b6b9,Info,Standard,إنجليزي,R18,2026-10-09T00:20+03:00
2026-10-08T11:03:45+03:00,vox,century-corner-riyadh,riyadh,caf9b6b9,Info,Theatre,إنجليزي,R18,2026-10-09T00:20+03:00
2026-10-08T11:03:45+03:00,vox,al-qasr-mall-riyadh,riyadh,caf9b6b9,Info,Standard,إنجليزي,R18,2026-10-09T00:25+03:00
2026-10-08T11:03:45+03:00,vox,century-corner-riyadh,riyadh,caf9b6b9,Info,Theatre,عربي,PG15,2026-10-09T00:30+03:00
2026-10-08T11:03:45+03:00,vox,riyadh-park-riyadh,riyadh,caf9b6b9,Info,Standard,إنجليزي,R18,2026-10-09T00:30+03:00
2026-10-08T11:03:45+03:00,vox,atyaf-mall-riyadh,riyadh,caf9b6b9,Info,Premium,إنجليزي,R18,2026-10-09T00:30+03:00
2026-10-08T11:03:45+03:00,vox,roshn-front-riyadh,riyadh,caf9b6b9,Info,Standard,إنجليزي,R18,2026-10-09T00:30+03:00
2026-10-08T11:03:45+03:00,vox,sahara-mall-riyadh,riyadh,caf9b6b9,Info,VIP,إنجليزي,R18,2026-10-09T00:30+03:00
2026-10-08T11:03:45+03:00,vox,the-roof-riyadh,riyadh,caf9b6b9,Info,Standard,إنجليزي,R18,2026-10-09T00:30+03:00
2026-10-08T11:03:45+03:00,vox,sahara-mall-riyadh,riyadh,caf9b6b9,Info,Standard,إنجليزي,PG15,2026-10-09T00:30+03:00
2026-10-08T11:03:45+03:00,vox,roshn-front-riyadh,riyadh,caf9b6b9,Info,VIP,عربي,PG15,2026-10-09T00:30+03:00
2026-10-08T11:03:45+03:00,vox,atyaf-mall-riyadh,riyadh,caf9b6b9,Info,Standard,إنجليزي,R18,2026-10-09T00:30+03:00
2026-10-08T11:03:45+03:00,vox,the-spot-sheikh-jaber-riyadh,riyadh,caf9b6b9,Info,Standard,إنجليزي,R18,2026-10-09T00:40+03:00
2026-10-08T11:03:45+03:00,vox,kingdom-centre-riyadh,riyadh,caf9b6b9,Info,VIP,إنجليزي,R15,2026-10-09T00:40+03:00
2026-10-08T11:03:45+03:00,vox,kingdom-centre-riyadh,riyadh,caf9b6b9,Info,VIP,عربي,R15,2026-10-09T00:45+03:00
2026-10-08T11:03:45+03:00,vox,the-spot-sheikh-jaber-riyadh,riyadh,caf9b6b9,Info,Standard,إنجليزي,R18,2026-10-09T00:45+03:00
2026-10-08T11:03:45+03:00,vox,sahara-mall-riyadh,riyadh,caf9b6b9,Info,Standard,عربي,PG15,2026-10-09T00:45+03:00
2026-10-08T11:03:45+03:00,vox,riyadh-park-riyadh,riyadh,caf9b6b9,Info,Kids,إنجليزي,PG15,2026-10-09T00:45+03:00
2026-10-08T11:03:45+03:00,vox,roshn-front-riyadh,riyadh,caf9b6b9,Info,Standard,إنجليزي,R18,2026-10-09T00:45+03:00
2026-10-08T11:03:45+03:00,vox,century-corner-riyadh,riyadh,caf9b6b9,Info,Standard,إنجليزي,PG15,2026-10-09T00:45+03:00
2026-10-08T11:03:45+03:00,vox,atyaf-mall-riyadh,riyadh,caf9b6b9,Info,Standard,إنجليزي,R18,2026-10-09T00:45+03:00
2026-10-08T11:03:45+03:00,vox,riyadh-park-riyadh,riyadh,caf9b6b9,Info,Standard,إنجليزي,R18,2026-10-09T00:45+03:00
2026-10-08T11:03:45+03:00,vox,atyaf-mall-riyadh,riyadh,caf9b6b9,Info,Standard,هندي,PG12,2026-10-09T00:50+03:00
2026-10-08T11:03:45+03:00,vox,century-corner-riyadh,riyadh,caf9b6b9,Info,Theatre,إنجليزي,PG15,2026-10-09T00:55+03:00
2026-10-08T11:03:45+03:00,vox,via-riyadh,riyadh,caf9b6b9,Info,Standard,عربي,PG15,2026-10-09T00:55+03:00
2026-10-08T11:03:45+03:00,vox,roshn-front-riyadh,riyadh,caf9b6b9,Info,MAX,إنجليزي,R18,2026-10-09T01:00+03:00
2026-10-08T11:03:45+03:00,vox,roshn-front-riyadh,riyadh,caf9b6b9,Info,Standard,إنجليزي,R18,2026-10-09T01:00+03:00
2026-10-08T11:03:45+03:00,vox,roshn-front-riyadh,riyadh,caf9b6b9,Info,Premium,عربي,PG15,2026-10-09T01:00+03:00
2026-10-08T11:03:45+03:00,vox,sahara-mall-riyadh,riyadh,caf9b6b9,Info,Kids,إنجليزي,PG15,2026-10-09T01:00+03:00
2026-10-08T11:03:45+03:00,vox,century-corner-riyadh,riyadh,caf9b6b9,Info,Theatre,إنجليزي,R18,2026-10-09T01:00+03:00
2026-10-08T11:03:45+03:00,vox,the-roof-riyadh,riyadh,caf9b6b9,Info,Standard,عربي,PG15,2026-10-09T01:00+03:00
2026-10-08T11:03:45+03:00,vox,sahara-mall-riyadh,riyadh,caf9b6b9,Info,Standard,إنجليزي,R18,2026-10-09T01:00+03:00
2026-10-08T11:03:45+03:00,vox,al-qasr-mall-riyadh,riyadh,caf9b6b9,Info,Standard,إنجليزي,R18,2026-10-09T01:00+03:00
2026-10-08T11:03:45+03:00,vox,riyadh-park-riyadh,riyadh,caf9b6b9,Info,Standard,إنجليزي,R18,2026-10-09T01:00+03:00
2026-10-08T11:03:45+03:00,vox,al-qasr-mall-riyadh,riyadh,caf9b6b9,Info,MAX,عربي,PG15,2026-10-09T01:00+03:00
2026-10-08T11:03:45+03:00,vox,the-roof-riyadh,riyadh,caf9b6b9,Info,Standard,إنجليزي,PG15,2026-10-09T01:10+03:00
2026-10-08T11:03:45+03:00,vox,al-qasr-mall-riyadh,riyadh,caf9b6b9,Info,Kids,إنجليزي,PG15,2026-10-09T01:10+03:00
2026-10-08T11:03:45+03:00,vox,al-qasr-mall-riyadh,riyadh,caf9b6b9,Info,Standard,إنجليزي,R18,2026-10-09T01:10+03:00
2026-10-08T11:03:45+03:00,vox,roshn-front-riyadh,riyadh,caf9b6b9,Info,VIP,إنجليزي,R18,2026-10-09T01:15+03:00
2026-10-08T11:03:45+03:00,vox,atyaf-mall-riyadh,riyadh,caf9b6b9,Info,Standard,عربي,R15,2026-10-09T01:15+03:00
2026-10-08T11:03:45+03:00,vox,roshn-front-riyadh,riyadh,caf9b6b9,Info,Kids,إنجليزي,PG15,2026-10-09T01:15+03:00
2026-10-08T11:03:45+03:00,vox,the-roof-riyadh,riyadh,caf9b6b9,Info,Standard,إنجليزي,R18,2026-10-09T01:15+03:00
2026-10-08T11:03:45+03:00,vox,kingdom-centre-riyadh,riyadh,caf9b6b9,Info,VIP,إنجليزي,R18,2026-10-09T01:15+03:00
2026-10-08T11:03:45+03:00,vox,sahara-mall-riyadh,riyadh,caf9b6b9,Info,Standard,عربي,PG15,2026-10-09T01:15+03:00
2026-10-08T11:03:45+03:00,vox,kingdom-centre-riyadh,riyadh,caf9b6b9,Info,VIP,إنجليزي,PG15,2026-10-09T01:20+03:00
2026-10-08T11:03:45+03:00,vox,century-corner-riyadh,riyadh,caf9b6b9,Info,Standard,عربي,R15,2026-10-09T01:25+03:00
2026-10-08T11:03:45+03:00,vox,the-roof-riyadh,riyadh,caf9b6b9,Info,Standard,إنجليزي,R18,2026-10-09T01:30+03:00
2026-10-08T11:03:45+03:00,vox,roshn-front-riyadh,riyadh,caf9b6b9,Info,Standard,إنجليزي,PG15,2026-10-09T01:30+03:00
2026-10-08T11:03:45+03:00,vox,atyaf-mall-riyadh,riyadh,caf9b6b9,Info,Standard,إنجليزي,R18,2026-10-09T01:30+03:00
2026-10-08T11:03:45+03:00,vox,riyadh-park-riyadh,riyadh,caf9b6b9,Info,IMAX,إنجليزي,R15,2026-10-09T01:30+03:00
2026-10-08T11:03:45+03:00,vox,the-roof-riyadh,riyadh,caf9b6b9,Info,Premium,إنجليزي,R15,2026-10-09T01:30+03:00
2026-10-08T11:03:45+03:00,vox,via-riyadh,riyadh,caf9b6b9,Info,Standard,إنجليزي,PG15,2026-10-09T01:30+03:00
2026-10-08T11:03:45+03:00,vox,atyaf-mall-riyadh,riyadh,caf9b6b9,Info,Premium,إنجليزي,R18,2026-10-09T01:30+03:00
2026-10-08T11:03:45+03:00,vox,atyaf-mall-riyadh,riyadh,caf9b6b9,Info,Kids,إنجليزي,PG15,2026-10-09T01:30+03:00
2026-10-08T11:03:45+03:00,vox,the-spot-sheikh-jaber-riyadh,riyadh,caf9b6b9,Info,Standard,عربي,PG15,2026-10-09T01:30+03:00
2026-10-08T11:03:45+03:00,vox,riyadh-park-riyadh,riyadh,caf9b6b9,Info,Premium,إنجليزي,R18,2026-10-09T01:35+03:00
2026-10-08T11:03:45+03:00,vox,kingdom-centre-riyadh,riyadh,caf9b6b9,Info,VIP,إنجليزي,R18,2026-10-09T01:40+03:00
2026-10-08T11:03:45+03:00,vox,the-spot-sheikh-jaber-riyadh,riyadh,caf9b6b9,Info,Standard,إنجليزي,PG15,2026-10-09T01:45+03:00
2026-10-08T11:03:45+03:00,vox,riyadh-park-riyadh,riyadh,caf9b6b9,Info,Kids,إنجليزي,PG15,2026-10-09T01:45+03:00
2026-10-08T11:03:45+03:00,vox,the-spot-sheikh-jaber-riyadh,riyadh,caf9b6b9,Info,Kids,إنجليزي,PG15,2026-10-09T01:45+03:00
2026-10-08T11:03:45+03:00,vox,al-qasr-mall-riyadh,riyadh,caf9b6b9,Info,Standard,إنجليزي,PG15,2026-10-09T01:45+03:00
2026-10-08T11:03:45+03:00,vox,sahara-mall-riyadh,riyadh,caf9b6b9,Info,Standard,إنجليزي,PG15,2026-10-09T01:45+03:00
2026-10-08T11:03:45+03:00,vox,the-roof-riyadh,riyadh,caf9b6b9,Info,Standard,إنجليزي,R18,2026-10-09T01:45+03:00
2026-10-08T11:03:45+03:00,vox,sahara-mall-riyadh,riyadh,caf9b6b9,Info,VIP,عربي,PG15,2026-10-09T01:45+03:00
2026-10-08T11:03:45+03:00,vox,roshn-front-riyadh,riyadh,caf9b6b9,Info,Standard,إنجليزي,PG15,2026-10-09T01:45+03:00
2026-10-08T11:03:45+03:00,vox,riyadh-park-riyadh,riyadh,caf9b6b9,Info,Standard,عربي,PG15,2026-10-09T01:45+03:00
2026-10-08T11:03:45+03:00,vox,al-qasr-mall-riyadh,riyadh,caf9b6b9,Info,Standard,عربي,R15,2026-10-09T01:50+03:00
2026-10-08T11:03:45+03:00,vox,via-riyadh,riyadh,caf9b6b9,Info,Standard,عربي,PG15,2026-10-09T01:55+03:00
2026-10-08T11:03:45+03:00,vox,al-qasr-mall-riyadh,riyadh,caf9b6b9,Info,Kids,إنجليزي,PG15,2026-10-09T02:00+03:00
2026-10-08T11:03:45+03:00,vox,roshn-front-riyadh,riyadh,caf9b6b9,Info,Kids,إنجليزي,PG15,2026-10-09T02:00+03:00
2026-10-08T11:03:45+03:00,vox,al-qasr-mall-riyadh,riyadh,caf9b6b9,Info,Standard,عربي,PG15,2026-10-09T02:00+03:00
2026-10-08T11:03:45+03:00,vox,sahara-mall-riyadh,riyadh,caf9b6b9,Info,Standard,إنجليزي,R18,2026-10-09T02:00+03:00
2026-10-08T11:03:45+03:00,vox,atyaf-mall-riyadh,riyadh,caf9b6b9,Info,Standard,عربي,PG15,2026-10-09T02:00+03:00
2026-10-08T11:03:45+03:00,vox,roshn-front-riyadh,riyadh,caf9b6b9,Info,VIP,إنجليزي,R15,2026-10-09T02:00+03:00
2026-10-08T11:03:45+03:00,vox,via-riyadh,riyadh,caf9b6b9,Info,Standard,إنجليزي,PG15,2026-10-09T02:10+03:00
2026-10-08T11:03:45+03:00,vox,century-corner-riyadh,riyadh,caf9b6b9,Info,Theatre,إنجليزي,R18,2026-10-09T02:10+03:00
2026-10-08T11:03:45+03:00,vox,al-qasr-mall-riyadh,riyadh,caf9b6b9,Info,Standard,هندي,PG12,2026-10-09T02:15+03:00
2026-10-08T11:03:45+03:00,vox,sahara-mall-riyadh,riyadh,caf9b6b9,Info,Standard,إنجليزي,R15,2026-10-09T02:15+03:00
2026-10-08T11:03:45+03:00,vox,century-corner-riyadh,riyadh,caf9b6b9,Info,Theatre,إنجليزي,R18,2026-10-09T02:15+03:00
2026-10-08T11:03:45+03:00,vox,roshn-front-riyadh,riyadh,caf9b6b9,Info,Standard,إنجليزي,R18,2026-10-09T02:20+03:00
2026-10-08T11:03:45+03:00,vox,kingdom-centre-riyadh,riyadh,caf9b6b9,Info,VIP,عربي,PG15,2026-10-09T02:20+03:00
2026-10-08T11:03:45+03:00,vox,the-roof-riyadh,riyadh,caf9b6b9,Info,Kids,إنجليزي,PG15,2026-10-09T02:20+03:00
2026-10-08T11:03:45+03:00,vox,century-corner-riyadh,riyadh,caf9b6b9,Info,Theatre,إنجليزي,PG15,2026-10-09T02:20+03:00
2026-10-08T11:03:45+03:00,vox,atyaf-mall-riyadh,riyadh,caf9b6b9,Info,Standard,إنجليزي,R18,2026-10-09T02:25+03:00
2026-10-08T11:03:45+03:00,vox,roshn-front-riyadh,riyadh,caf9b6b9,Info,VIP,إنجليزي,R18,2026-10-09T02:30+03:00
2026-10-08T11:03:45+03:00,vox,century-corner-riyadh,riyadh,caf9b6b9,Info,Theatre,عربي,PG15,2026-10-09T02:30+03:00
2026-10-08T11:03:45+03:00,vox,roshn-front-riyadh,riyadh,caf9b6b9,Info,Standard,إنجليزي,R18,2026-10-09T02:30+03:00
2026-10-08T11:03:45+03:00,vox,riyadh-park-riyadh,riyadh,caf9b6b9,Info,Standard,إنجليزي,R18,2026-10-09T02:30+03:00
2026-10-08T11:03:45+03:00,vox,sahara-mall-riyadh,riyadh,caf9b6b9,Info,VIP,إنجليزي,R18,2026-10-09T02:30+03:00
2026-10-08T11:03:45+03:00,vox,al-qasr-mall-riyadh,riyadh,caf9b6b9,Info,Standard,إنجليزي,R18,2026-10-09T02:35+03:00
2026-10-08T11:03:45+03:00,vox,via-riyadh,riyadh,caf9b6b9,Info,Standard,إنجليزي,R15,2026-10-09T02:40+03:00
2026-10-08T11:03:45+03:00,vox,sahara-mall-riyadh,riyadh,caf9b6b9,Info,Standard,عربي,PG15,2026-10-09T02:45+03:00
2026-10-08T11:03:45+03:00,vox,riyadh-park-riyadh,riyadh,caf9b6b9,Info,Standard,إنجليزي,PG15,2026-10-09T02:45+03:00
2026-10-08T11:03:45+03:00,vox,the-spot-sheikh-jaber-riyadh,riyadh,caf9b6b9,Info,Premium,إنجليزي,R18,2026-10-09T02:45+03:00
2026-10-08T11:03:45+03:00,vox,the-roof-riyadh,riyadh,caf9b6b9,Info,Standard,إنجليزي,R18,2026-10-09T02:45+03:00
2026-10-08T11:03:45+03:00,vox,the-spot-sheikh-jaber-riyadh,riyadh,caf9b6b9,Info,Standard,إنجليزي,R18,2026-10-09T02:45+03:00
2026-10-08T11:03:45+03:00,vox,the-spot-sheikh-jaber-riyadh,riyadh,caf9b6b9,Info,Standard,إنجليزي,PG15,2026-10-09T02:50+03:00
2026-10-08T11:03:45+03:00,vox,century-corner-riyadh,riyadh,caf9b6b9,Info,IMAX,إنجليزي,R18,2026-10-09T02:50+03:00
2026-10-08T11:03:45+03:00,vox,kingdom-centre-riyadh,riyadh,caf9b6b9,Info,VIP,إنجليزي,R18,2026-10-09T02:50+03:00
2026-10-08T11:03:45+03:00,vox,al-qasr-mall-riyadh,riyadh,caf9b6b9,Info,Standard,هندي,PG12,2026-10-09T02:50+03:00
2026-10-08T11:03:45+03:00,vox,al-qasr-mall-riyadh,riyadh,caf9b6b9,Info,Standard,إنجليزي,R15,2026-10-09T02:55+03:00
2026-10-08T11:03:45+03:00,vox,via-riyadh,riyadh,caf9b6b9,Info,Standard,إنجليزي,R18,2026-10-09T02:55+03:00
2026-10-08T11:03:45+03:00,vox,the-roof-riyadh,riyadh,caf9b6b9,Info,Standard,عربي,PG15,2026-10-09T03:00+03:00
2026-10-08T11:03:45+03:00,vox,roshn-front-riyadh,riyadh,caf9b6b9,Info,VIP,عربي,PG15,2026-10-09T03:00+03:00
2026-10-08T11:03:45+03:00,vox,kingdom-centre-riyadh,riyadh,caf9b6b9,Info,VIP,إنجليزي,R18,2026-10-09T03:00+03:00
2026-10-08T11:03:45+03:00,vox,century-corner-riyadh,riyadh,caf9b6b9,Info,Theatre,إنجليزي,R18,2026-10-09T03:00+03:00
2026-10-08T11:03:45+03:00,vox,al-qasr-mall-riyadh,riyadh,caf9b6b9,Info,Standard,إنجليزي,R18,2026-10-09T03:00+03:00
2026-10-08T11:03:45+03:00,vox,roshn-front-riyadh,riyadh,caf9b6b9,Info,Standard,عربي,R15,2026-10-09T03:00+03:00
2026-10-08T11:03:45+03:00,vox,atyaf-mall-riyadh,riyadh,caf9b6b9,Info,Premium,إنجليزي,PG15,2026-10-09T03:00+03:00
2026-10-08T11:03:45+03:00,vox,roshn-front-riyadh,riyadh,caf9b6b9,Info,Premium,عربي,PG15,2026-10-09T03:00+03:00
2026-10-08T11:03:45+03:00,vox,al-qasr-mall-riyadh,riyadh,caf9b6b9,Info,MAX,عربي,PG15,2026-10-09T03:00+03:00
2026-10-08T11:03:45+03:00,vox,sahara-mall-riyadh,riyadh,caf9b6b9,Info,Standard,إنجليزي,R18,2026-10-09T03:00+03:00
2026-10-08T11:03:45+03:00,vox,riyadh-park-riyadh,riyadh,caf9b6b9,Info,Standard,إنجليزي,R18,2026-10-09T03:00+03:00
2026-10-08T11:03:45+03:00,vox,atyaf-mall-riyadh,riyadh,caf9b6b9,Info,Standard,إنجليزي,R18,2026-10-09T03:00+03:00
2026-10-08T11:03:45+03:00,vox,al-qasr-mall-riyadh,riyadh,caf9b6b9,Info,Standard,إنجليزي,R18,2026-10-09T03:10+03:00
2026-10-08T11:03:45+03:00,vox,the-roof-riyadh,riyadh,caf9b6b9,Info,Standard,إنجليزي,PG15,2026-10-09T03:15+03:00
2026-10-08T11:03:45+03:00,vox,al-qasr-mall-riyadh,riyadh,caf9b6b9,Info,Standard,مالايالامي,R15,2026-10-09T03:15+03:00
2026-10-08T11:03:45+03:00,vox,riyadh-park-riyadh,riyadh,caf9b6b9,Info,Standard,إنجليزي,R15,2026-10-09T03:15+03:00
2026-10-08T11:03:45+03:00,vox,atyaf-mall-riyadh,riyadh,caf9b6b9,Info,Standard,إنجليزي,PG15,2026-10-09T03:15+03:00
2026-10-08T11:03:45+03:00,vox,sahara-mall-riyadh,riyadh,caf9b6b9,Info,Standard,عربي,PG15,2026-10-09T03:15+03:00
2026-10-08T11:03:45+03:00,vox,roshn-front-riyadh,riyadh,caf9b6b9,Info,VIP,إنجليزي,R18,2026-10-09T03:15+03:00
2026-10-08T11:03:45+03:00,vox,via-riyadh,riyadh,caf9b6b9,Info,Standard,عربي,PG15,2026-10-09T03:15+03:00
2026-10-08T11:03:45+03:00,vox,roshn-front-riyadh,riyadh,caf9b6b9,Info,Standard,إنجليزي,R18,2026-10-09T03:15+03:00
2026-10-08T11:03:45+03:00,vox,atyaf-mall-riyadh,riyadh,caf9b6b9,Info,Kids,إنجليزي,PG15,2026-10-09T03:15+03:00
2026-10-08T11:03:45+03:00,vox,roshn-front-riyadh,riyadh,caf9b6b9,Info,MAX,عربي,PG15,2026-10-09T03:15+03:00
2026-10-08T11:03:45+03:00,vox,via-riyadh,riyadh,caf9b6b9,Info,Standard,إنجليزي,R18,2026-10-09T03:20+03:00
2026-10-08T11:03:45+03:00,vox,kingdom-centre-riyadh,riyadh,caf9b6b9,Info,VIP,عربي,R15,2026-10-09T03:25+03:00
2026-10-08T11:03:45+03:00,vox,atyaf-mall-riyadh,riyadh,caf9b6b9,Info,Standard,إنجليزي,R18,2026-10-09T03:30+03:00
2026-10-08T11:03:45+03:00,vox,the-roof-riyadh,riyadh,caf9b6b9,Info,Standard,إنجليزي,R18,2026-10-09T03:30+03:00
2026-10-08T11:03:45+03:00,vox,the-spot-sheikh-jaber-riyadh,riyadh,caf9b6b9,Info,Standard,إنجليزي,R18,2026-10-09T03:30+03:00
2026-10-08T11:03:45+03:00,vox,kingdom-centre-riyadh,riyadh,caf9b6b9,Info,VIP,إنجليزي,PG15,2026-10-09T03:40+03:00
2026-10-08T11:03:45+03:00,vox,sahara-mall-riyadh,riyadh,caf9b6b9,Info,VIP,عربي,PG15,2026-10-09T03:45+03:00
2026-10-08T11:03:45+03:00,vox,riyadh-park-riyadh,riyadh,caf9b6b9,Info,Standard,عربي,PG15,2026-10-09T03:45+03:00
2026-10-08T11:03:45+03:00,vox,roshn-front-riyadh,riyadh,caf9b6b9,Info,Standard,إنجليزي,PG15,2026-10-09T03:45+03:00
2026-10-08T11:03:45+03:00,vox,al-qasr-mall-riyadh,riyadh,caf9b6b9,Info,Standard,مالايالامي,R15,2026-10-09T03:45+03:00
2026-10-08T11:03:45+03:00,vox,al-qasr-mall-riyadh,riyadh,caf9b6b9,Info,Standard,إنجليزي,PG15,2026-10-09T03:50+03:00
2026-10-08T11:03:45+03:00,vox,atyaf-mall-riyadh,riyadh,caf9b6b9,Info,Standard,إنجليزي,R18,2026-10-09T03:50+03:00
2026-10-08T11:03:45+03:00,vox,kingdom-centre-riyadh,riyadh,caf9b6b9,Info,VIP,عربي,PG15,2026-10-09T03:50+03:00
2026-10-08T11:03:45+03:00,vox,atyaf-mall-riyadh,riyadh,caf9b6b9,Info,Premium,عربي,PG15,2026-10-09T03:55+03:00
2026-10-08T11:03:45+03:00,vox,atyaf-mall-riyadh,riyadh,caf9b6b9,Info,Standard,إنجليزي,R18,2026-10-09T03:55+03:00
2026-10-08T11:03:45+03:00,vox,riyadh-park-riyadh,riyadh,caf9b6b9,Info,Premium,إنجليزي,R18,2026-10-09T03:59+03:00
2026-10-08T11:03:45+03:00,vox,al-qasr-mall-riyadh,riyadh,caf9b6b9,Info,Standard,عربي,PG15,2026-10-09T03:59+03:00
2026-10-08T11:03:45+03:00,vox,al-qasr-mall-riyadh,riyadh,caf9b6b9,Info,Kids,إنجليزي,PG15,2026-10-09T03:59+03:00
